RegionID,SizeRank,RegionName,RegionType,StateName,3/31/2018,4/30/2018,5/31/2018,6/30/2018,7/31/2018,8/31/2018,9/30/2018,10/31/2018,11/30/2018,12/31/2018,1/31/2019,2/28/2019,3/31/2019,4/30/2019,5/31/2019,6/30/2019,7/31/2019,8/31/2019,9/30/2019,10/31/2019,11/30/2019,12/31/2019,1/31/2020,2/29/2020,3/31/2020,4/30/2020,5/31/2020,6/30/2020,7/31/2020,8/31/2020,9/30/2020,10/31/2020,11/30/2020,12/31/2020,1/31/2021,2/28/2021,3/31/2021,4/30/2021,5/31/2021,6/30/2021,7/31/2021
102001,0,United States,Country,,6333.3333,7000,8000,8666.6667,8666.6667,8030,7530,7230,6866.6667,6166.6667,5800,5800,6333.3333,7000,8000,8666.6667,8633.3333,7966.6667,7300,6666.6667,6300,5650,5483.3333,5883.3333,6661.6667,6828.3333,6628.3333,6866.6667,7900,8900,9533.3333,9800,9633.3333,8933.3333,8333.3333,8666.6667,9366.6667,10000,10000,10000,10000
394913,1,"New York, NY",Msa,NY,15133.3333,16366.6667,17733.3333,17733.3333,16700,15300,15300,15600,15633.3333,15266.6667,14966.6667,14966.6667,15000,15666.6667,16000,16333.3333,15666.6667,15000,14966.6667,14966.6667,15300,14666.6667,14666.6667,14666.6667,15000,13983.3333,13816.6667,13816.6667,16500,18333.3333,20000,20000,20000,19999.6667,19999.6667,19999.6667,20000,20300,20466.6667,20466.6667,20166.6667
753899,2,"Los Angeles-Long Beach-Anaheim, CA",Msa,CA,19413,19450,20000,20000,19666.6667,18300,16966.6667,15966.6667,15700,15366.6667,15033.3333,15000,15033.3333,16366.6667,17716.6667,19349.6667,19683,19666.3333,19333.3333,19300,19598.1667,18264.8333,17964.8333,18666.6667,21000,20914.8333,19948.1667,19281.5,19983.3333,21950,23283.3333,24333.3333,24000,22666.6667,23000,23333.3333,26647.3333,28314,31647.3333,32099.6667,32099.6667
394463,3,"Chicago, IL",Msa,IL,6300,7633.3333,8633.3333,8666.6667,8000,7000,6333.3333,5833.3333,5500,5166.6667,5033.3333,5366.3333,6033,6999.6667,8000,8333.3333,7833.3333,6800,6133.3333,5666.6667,5366.6667,5033.3333,5000,5366.6667,5700,5805.3333,5572,5938.6667,7166.6667,8366.6667,9000,8666.6667,7666.6667,6366.6667,5700,6700,8333.3333,9666.6667,10000,10000,10000
394514,4,"Dallas-Fort Worth, TX",Msa,TX,7166.6667,7833.3333,8333.3333,8000,7666.6667,6366.6667,5832,5365.3333,5335.3333,5203.3333,5036.6667,5233.3333,5533.3333,5866.6667,6000,6033.3333,5833.3333,5533.3333,5233.3333,5066.6667,5033.3333,5000,5000,5033.3333,5318.5,5318.5,5288.5,5306.8333,5640.1667,5970.1667,6000,6666.6667,6700,7033.3333,7033.3333,7666.6667,8666.6667,9333.3333,10000,10000,10000
394974,5,"Philadelphia, PA",Msa,PA,5933.3333,5966.6667,7000,8300,8633.3333,7780.8333,7147.5,7447.5,7300,6600,5966.6667,5800,5833.3333,6500,7666.6667,8692.3333,8492.3333,7825.6667,7500,7700,7533.3333,6833.3333,6500,7633.3333,8466.6667,7833.3333,6533.3333,7033.3333,8666.6667,10000,10000,10000,10000,9966.6667,9966.6667,9966.6667,10000,10000,10000,10000,10000
394692,6,"Houston, TX",Msa,TX,8933.3333,9366.6667,9500,9633.3333,9333.3333,8833.3333,8333.3333,8000,7666.6667,7333.3333,7001.6667,7001.6667,7168,7833,8166.3333,8251.5,7409.8333,6743.1667,5858.3333,5402,5402,5402,5433.3333,5800,6433.3333,6733.3333,6400,6566.6667,7200,7500,7666.6667,8000,8666.6667,8666.3333,8333,7999.6667,8666.6667,9333.3333,10000,10000,10000
395209,7,"Washington, DC",Msa,DC,10000,10000,10000,10000,10000,10000,10000,10000,10000,10000,10000,10000,10000,10000,10000,10000,10000,10000,10000,10000,10000,10000,10000,10000.3333,10000.6667,10000.6667,10000.3333,10000,10333.3333,10366.6667,10366.6667,10033.3333,10000,10000,10000,10000,10000,10490,11564,12564,12907.3333
394856,8,"Miami-Fort Lauderdale, FL",Msa,FL,10000,10000,10000,10000,10000,10000,10000,10000,10000,10000,10000,10000,10000,10000,10000,10000,10000,10000,10000,10000,10000,10000,10000,10000,10000,9966.6667,9666.6667,9666.6667,9666.6667,9963.3333,9963.3333,9996.6667,10000,10000,10000,10000,10000,10000,10000,10033.3333,10166.6667
394347,9,"Atlanta, GA",Msa,GA,7333.1667,8366.5,9233.3333,9266.6667,8733.3333,7700,6666.6667,6166.6667,5666.6667,5333.3333,5000,5000,5033.3333,5200,5533.3333,5833.3333,5966.6667,5666.6667,5333.3333,5033.3333,5000,5000,5000,5333.3333,5966.6667,6266.6667,6266.6667,6266.6667,6966.6667,7510.8333,8244.1667,8610.8333,9366.6667,8966.6667,8616.8333,8650.1667,9350.1667,10000,10000,10300,10300
394404,10,"Boston, MA",Msa,MA,11633.3333,13466.6667,15283.3333,15316.6667,14816.6667,13033,12733,12733,12700,11333.3333,10000,10000,11333.3333,13166.6667,14866.6667,15200,15000,13633.3333,13633.3333,13633.3333,13600,11933.3333,10600,11966.6667,13633.3333,14666.6667,14666.6667,16200,18200,19866.6667,20000,20000,18666.6667,16700,15066.6667,16100,17733.3333,19366.6667,19666.6667,20000,20000
395057,11,"San Francisco, CA",Msa,CA,20666.6667,24666.6667,27333.3333,27333.3333,25333.3333,22333.3333,20333.3333,20666.6667,20666.6667,20666.6667,19668.3333,19335,19335,19666.6667,20333.3333,20333.3333,20333.3333,20000,20000,20000,20000,18333.3333,17000,17000,20333.3333,21666.6667,23000,23000,25333.3333,25666.6667,27333.3333,28333.3333,30000,28033.3333,26516.6667,28591.6667,33225,39741.6667,41000,43666.6667,38666.6667
394532,12,"Detroit, MI",Msa,MI,5333.3333,6000,7500,8533.3333,8833.3333,7966.6667,6900,5966.6667,5366.6667,5066.6667,5033.3333,5000,5033.3333,5700,6700,7833.3333,7833.3333,7166.6667,6300,5666.6667,5333.3333,5033.3333,5000,5000,5000,5000,5600,6800,8316.8333,9083.5,8916.8333,8400,7700,7000,6500,6750,8083.3333,9250,10000,10000,10000
395025,13,"Riverside, CA",Msa,CA,10000,10000,10000,10000,10000,10000,9970,9970,9970,10000,10000,10000,10000,10000,9999.6667,9999.6667,9999.6667,9966.6667,9596.6667,9130,8830,8933.3333,9400,9733.3333,10000,10000,10000,10000,10000,10000,10000,10000,10030,10030,10330,10966.6667,12666.6667,14366.6667,17033.3333,17333.3333,18000
394976,14,"Phoenix, AZ",Msa,AZ,5000,5000,5000,5000,5000,5000,5000,5000,4966.6667,4600,4596.6667,4630,4996.6667,5000,5000,5000,5000,5000,5000,5000,5000,5000,5000,5333.3333,5700,5700,5366.6667,5033.3333,5366.6667,5700,6333.3333,6666.6667,7000,7000,7417.5,8417.5,9417.5,10033.3333,10366.6667,11200,11166.6667
395078,15,"Seattle, WA",Msa,WA,13346.1667,16666.6667,18025,18026.6667,16360,14971.6667,14970,14970,14700,13366.6667,12516.6667,12816.6667,14150,15003.6667,15020.3333,15037,15033.3333,14683.3333,14666.6667,14666.6667,14333.3333,12766.6667,12766.6667,13450,16683.3333,16683.3333,16666.6667,15016.6667,16020,16353.3333,18003.3333,18333.3333,19000,17333.3333,17016.6667,16775,18441.6667,20741.6667,23314.8333,24964.8333,24648.1667
394865,16,"Minneapolis-St Paul, MN",Msa,MN,10000,10000,10000,10000,10000,10000,10000,10000,9966.6667,8633.3333,7966.6667,8000,9333.3333,10000,10000,10000,10000,10000,9983.3333,8983.3333,7350,5700,5366.6667,7000,8666.6667,10000,10000,10000,10000,10000,10000,10000,10000,9333.3333,9033.3333,9033.3333,9700,10000,10000,10000,10000
395056,17,"San Diego, CA",Msa,CA,13133.3333,14000,14333.3333,14667,14333.6667,13002.3333,11968.6667,10968.6667,11333.3333,11033.3333,10700,10000,10333.3333,11000,12000,12483.3333,12150,11483.3333,10966.6667,11000,11000,10700,10666.6667,12000,13666.6667,13333.3333,12333.3333,12033.3333,14033.3333,15366.6667,17333,17333,16999.6667,14300,15633.3333,18633.3333,22000,23666.6667,24000,25000,24333.3333
395121,18,"St. Louis, MO",Msa,MO,5000,5000,5033.3333,5066.6667,5066.6667,5033.3333,5000,5000,5000,5000,5000,5000,5000,5133.3333,5166.6667,5200,5100,5066.6667,5033.3333,5000,5000,5000,5000,5000,5000,5000,5033.3333,5500,6333.3333,6633.3333,6833.3333,6333.3333,6100,5466.6667,5133.3333,5033.5,5833.5,7500.1667,9166.6667,10000,10000
395148,19,"Tampa, FL",Msa,FL,5000,5000,5000,5000,5000,5000,5000,5000,5000,5000,5000,5000,5000,5000,5000,5000,5000,5000,5000,5000,5000,5000,5000,5000,5000,5000,5000,5000,5000,5000,5000.3333,5033.6667,5050.3333,5050,5017,5333.6667,6267,7933.3333,9266.6667,10000,10000
394358,20,"Baltimore, MD",Msa,MD,8360.6667,9134,9967,10000,10000,9976.6667,9976.6667,9976.6667,9903.3333,9106.6667,8440,8203.3333,9000,9666.6667,10000,10000,10000,10000,9970,9670,9336.6667,8033.3333,7333.3333,7633.3333,8966.6667,9933.3333,9966.6667,9966.6667,10000,10000,10000,10000,10000,10000,10000,10000,10000,10000,10000,10000,10000
394530,21,"Denver, CO",Msa,CO,10000,10000,10000,10000,10000,10000,10000,10000,9991.6667,9158.3333,9125.1667,9133.5,9966.8333,10000,10000,10000,10000,9968.5,9935.1667,9268.5,8966.6667,8000,8000,8333.3333,9333.3333,10000,10000,10000,10000,10000,10000,10000,10000,10000,10000,10000,11666.6667,15000,18300,18300,16632.5
394982,22,"Pittsburgh, PA",Msa,PA,5000,5033.3333,5200,5483.3333,5483.3333,5350,5100,5066.6667,5033.3333,5000,5000,5000,5016.6667,5050,5183.3333,5466.6667,5766.6667,5672.8333,5406.1667,5106.1667,5066.6667,5033.3333,5000,5033.3333,5333.3333,5350,6133.3333,6500,7183.3333,7066.6667,7066.6667,7033.3333,6500,5866.6667,5533.3333,5700,7333.3333,8666.6667,10000,10000,10000
394998,23,"Portland, OR",Msa,OR,10000,10000,10000,10000,10000,10000,10000,10000,10000,10000,10000,10000,10000,10000,10000,10000,10000,10000,10000,10000,10000,9333.3333,9333.3333,9333.3333,10000,10000,10000,10000,10000,10000,10033.3333,10333.3333,10633.3333,10600,10300,10033.3333,11700,13409.5,16442.8333,18109.5,18066.6667
394458,24,"Charlotte, NC",Msa,NC,7383.3333,8050,8733.3333,8366.6667,8166.6667,7133.3333,6483.3333,6050,5716.6667,5366.6667,5000,5000,5033.3333,5333.3333,5666.6667,5966.6667,5700,5366.6667,5033.3333,5000,5000,5000,5000,5333.3333,5666.6667,5666.6667,5366.6667,5700,6666.6667,8300,9150,9183.3333,8516.6667,8666.6667,8333.3333,9000,9000,10033.3333,10033.3333,10033.3333,10000
395045,25,"Sacramento, CA",Msa,CA,10000,10000,10000,10000,10000,10000,10000,10000,10000,10000,10000,10000,10000,10000,10000,10000,10000,10000,10000,10000,10000,10000,10000,10000,10000,10000,10000,10000,10000,10001,11334.3333,12871,14203.3333,14203.3333,14333.3333,15000,15666.6667,17333.6667,20000.3333,22983.6667,23150
395055,26,"San Antonio, TX",Msa,TX,5000,5000,5030,5030,5060,5030,5030,5000,5000,5000,5000,5000,5000,5000,5000,5000,5000,5000,5000,5000,5000,5000,5000,5000,5000,5000,5000,5000,5000,5000.3333,5000.6667,5017.3333,5050.3333,5050,5033.3333,5000,5000,6333.3333,7666.6667,9166.6667,9500
394943,27,"Orlando, FL",Msa,FL,5700,6333.3333,6333.3333,6650,6316.6667,5983.6667,5363.6667,5030.3333,5030,5000,5000,5033.3333,5066.6667,5100,5100,5399.8333,5399.8333,5666.5,5500,5500,5200,5033.3333,5000,5033.3333,5366.6667,5376.6667,5343.3333,5043.3333,5037.3333,5202.3333,5202.3333,5231.6667,5235,5202,5202,5367,6033.3333,7633.3333,8966.6667,9966.6667,10000
394466,28,"Cincinnati, OH",Msa,OH,5000,5633.3333,6466.6667,7133.3333,6833.3333,6166.6667,5633.3333,5333.3333,5166.6667,5033.3333,5000,5033.3333,5700,6733.3333,7666.6667,7966.6667,7633.3333,7183.3333,6550,5883.3333,5400,5066.6667,5066.6667,5366.6667,6400,6700,7033.3333,7000,8333.3333,9300,9966.6667,9683.3333,8850,7833.3333,7450,7483.3333,8500,9166.6667,10000,10000,10000
394475,29,"Cleveland, OH",Msa,OH,5033.3333,5166.6667,5533.3333,5866.6667,6066.6667,5733.3333,5400,5100,5066.6667,5033.3333,5000,5033.3333,5066.6667,5400,5700,6333.3333,6333.3333,6166.3333,5533,5233,5066.6667,5033.3333,5000,5133.3333,5466.6667,5666.6667,5866.6667,6041.6667,7191.6667,7691.6667,7683.3333,6633.3333,5950,5483.3333,5483.3333,5666.6667,6433.3333,7800,9133.3333,10000,10000
394735,30,"Kansas City, MO",Msa,MO,5133.3333,5800,6600,7133.3333,6800,6150,5816.6667,5516.6667,5400,5066.6667,5066.6667,5066.6667,5341.6667,5975,6575,6650,6466.6667,5866.6667,5683.3333,5333.3333,5333.3333,5166.6667,5066.6667,5366.6667,6033.3333,6166.6667,6200,6900,8066.6667,9033.3333,8666.6667,8667,8000.3333,8000.3333,7666.6667,8633.3333,9300,9966.6667,10000,10000,10000
394775,31,"Las Vegas, NV",Msa,NV,5533.6667,5833.6667,6000,6166.6667,5866.6667,5566.6667,5066.6667,5033.3333,5000,4966.6667,4966.6667,4966.6667,5000,5000,5000,5000,5000,5000,5000,5000,5000,5000,5000,5033,5349.6667,5349.6667,5316.6667,5000,5000,5000,5000.3333,5000.3333,5000.3333,5000,5000,5033.3333,6666.6667,8333.3333,9966.6667,10000,10000
394492,32,"Columbus, OH",Msa,OH,5000,5333.3333,5900,6700,6700,6133.3333,5333.3333,5000,5000,5000,5000,5000,5000,5320,5641.5,6474.8333,6188.1667,5896.6667,5063.3333,5030,5000,5000,5000,5033.3333,5035,5068.3333,5035,5700,5981.6667,6648.3333,6148.3333,6166.6667,5533.3333,5366.6667,5033.3333,5533.3333,7016.6667,8683.3333,9783.3333,9933.3333,9933.3333
394705,33,"Indianapolis, IN",Msa,IN,5000,5033.3333,5166.6667,5200,5200,5066.6667,5033.3333,5000,5000,5000,5000,5000,5000,5133.3333,5466.6667,5500,5367,5033.6667,5000.3333,5000,5000,5000,5000,5000,5033.3333,5033.3333,5066.6667,5366.6667,5400,6000,5966.6667,6100,5500,5200,5033.3333,5033.3333,5366.6667,7033.3333,8666.6667,10000,10000
395059,34,"San Jose, CA",Msa,CA,,38666.6667,41666.3333,46666.3333,44666.3333,37687.3333,32687.3333,34687.3333,35000,32000,25333.3333,22000,24999.8333,31666.5,35333.1667,34000,30666.6667,28999.6667,26999.6667,26999.6667,26296,24803,22875.6667,21580,24739.6667,23633.6667,26966.6667,27283.3333,33279.3333,38121,41471,43508.3333,42000,41925.6667,36925.6667,39759,42500,48850.1667,49350.1667,49683.5,50000
394355,35,"Austin, TX",Msa,TX,7005,7671.6667,7000,7033.3333,7033.3333,7033.3333,6830,6163.3333,6130,5633.3333,5300,5033,5199.6667,5366.3333,5666.6667,5800,5966.6667,5766.6667,5600,5266.6667,5133.3333,5000,5000,5300,6150,6316.6667,6350,5833.3333,6666.6667,8000,9333.3333,9833.3333,9833.3333,9833.3333,10000,13000,16333.3333,21333.3333,23333.3333,23833.3333,22166.6667
395194,36,"Virginia Beach, VA",Msa,VA,5000,5000,5000,5000,5000,5000,5000,5000,5000,5000,5000,5000,5000,5000,5033.3333,5066.6667,5066.6667,5033.3333,5000,5000,5000,4990.6667,4990.6667,4990.6667,5000,5000,5000,5000,5000,5333.3333,5500,5533.3333,5200.3333,5033.6667,5000.3333,5000,5666.6667,7333.3333,8833.3333,9833.3333,8833.3333
394902,37,"Nashville, TN",Msa,TN,6662,6977.8333,7682.5,8682.5,8700,7966.6667,6966.6667,6000,5366.6667,5033.3333,5000,5000,5000,5333.3333,5666.6667,6000,6000,5700,5400,5200,5200,5166.6667,5033.3333,5666.6667,6000,6000,5333.3333,5333.3333,5826.5,6859.8333,7526.5,8400,8433.3333,8933.6667,8667,9267,9433.3333,10000,10000,10300,10300
395005,38,"Providence, RI",Msa,RI,10000,10000,10000,10000,10000,10000,10000,10000,10000,9999.8333,9699.8333,9699.8333,9700,10000,10000,10000,10000,10000,10000,10000,10000,10000,10000,10000,10000,10000,10000,10000,10000,10000,10000,10000,10000,10000,10000,10000,11000,12666.6667,14500,16833.3333,18500
394862,39,"Milwaukee, WI",Msa,WI,5033.3333,5366.6667,5866.6667,7466.6667,7766.6667,7566.6667,5966.6667,5366.6667,5066.6667,5033.3333,5000,5000,5000,5033.3333,5833.3333,6666.6667,7500,6950,6150,5316.6667,5066.6667,5033.3333,5000,5333.3333,6166.6667,6333.3333,7366.6667,8033.3333,9533.3333,9066.6667,8583.3333,6950,6083.3333,5066.6667,5166.6667,5466.6667,6133.3333,7383.6667,8717,9417,9666.6667
394714,40,"Jacksonville, FL",Msa,FL,5000,5000,5000,5000,5000,5000,5000,5000,5000,5000,5000,5000,5000,5000,5000,5000,5000,5000,5000,5000,5000,5000,5000,5000,5000,4966.6667,4966.6667,4966.6667,5000,5000,5000,5000,5000,5000,5000,5166.6667,6000,7366.6667,8866.6667,9700,10000
394849,41,"Memphis, TN",Msa,TN,5000,5000,5000,5000,5000,5000,5000,5000,5000,5000,5000,5000,5000,5033.3333,5033.3333,5066.6667,5066.6667,5066.6667,5033.3333,5000,5000,5000,5000,5000,5033.3333,5033.3333,5033.3333,5033.3333,5033.3333,5366.5,5366.5,5399.8333,5100,5100,5400,5533.3333,6833.3333,6916.6667,8116.6667,8450,9700
394935,42,"Oklahoma City, OK",Msa,OK,4200,4500,4766.6667,4900,4933.3333,4933.3333,4966.6667,4911.6667,4911.6667,4745,4500,4425,4591.6667,4891.6667,5000,5000,5000,5000,5000,5000,4866.6667,4366.6667,4133.3333,4266.6667,4766.6667,4966.6667,4933.6667,4933.6667,4967,5000,5000,5000,5000,5000,5000,5000,5700,6366.6667,7400,7166.6667,7166.6667
394807,43,"Louisville-Jefferson County, KY",Msa,KY,5000,5033.3333,5333.3333,5485.3333,5618.6667,5352,5200,5033.3333,5000,5000,5000,5000,5000,5300,5528,5561.3333,5294.6667,5066.6667,5033.3333,5000,5000,5000,5000,5000,5000,5000,5000,5131.3333,5298,5631.3333,5833.3333,5700,5366.6667,5033.3333,5000,5000,5033.3333,6150,7516.6667,9141.5,9391.5
394669,44,"Hartford, CT",Msa,CT,9700,10000,10000,10000,10000,10000,10000,9966.6667,9333.3333,8666.6667,7783.3333,7583.3333,8250,9166.6667,10000,10000,10000,10000,10000,10000,9333.3333,9300,8633.3333,9300,9333.3333,10000,10000,10000,10000,10000,10000,10000,10000,10000,10000,10000,10000,10000,10366.3333,11999.6667,12299.6667
395022,45,"Richmond, VA",Msa,VA,5716.6667,6383.3333,7083.3333,7566.6667,7850,7208.3333,7041.6667,6558.3333,6200,5566.6667,5083.3333,5083.3333,5320.6667,6304,7279,7833.3333,7500.8333,6825.8333,6034.1667,5666.6667,5364.1667,5330.8333,5064.1667,5050,5216.6667,5516.6667,5833.3333,6000,6333.3333,6735,7068.3333,7410,7508.3333,7508.3333,7333.3333,7845,7511.6667,8328.3333,8650,9983.3333,10000
394910,46,"New Orleans, LA",Msa,LA,6000,6000,5830,6163.3333,6163.3333,6333.3333,6000,6000,6000,5666.6667,5666.6667,5666.6667,6000,6500,6833.3333,7000,6500,6166.6667,6000,5666.6667,5366.6667,5366.6667,5700,6333.3333,6333,5999.6667,5633,5824.1667,6657.5,7724.1667,8533.3333,9333.3333,9333.3333,8666.6667,8533.3333,8533.3333,9533.3333,9700,10000,10000,10000
394425,47,"Buffalo, NY",Msa,NY,6433.3333,6766.6667,7933.3333,7983.3333,8657.5,7690.8333,7674.1667,7000,6366.6667,5733.3333,5066.6667,5064.8333,5331.5,5364.8333,6333.3333,7700,9200,9166.6667,8466.6667,7266.6667,6433.3333,5516.6667,5216.6667,5750,6700,8333.3333,8366.6667,8933.3333,8933.3333,9900,10000,10000,9946.1667,9779.5,9479.5,9533.3333,9700,10000,10000,10000,10000
395012,48,"Raleigh, NC",Msa,NC,5700,6100,6400,6066.6667,5966.6667,5666.6667,5333.3333,5033.3333,5000,4950,4950,4950,5000,5033.3333,5066.6667,5100,5066.6667,5033.3333,5000,5000,5000,5000,5000,5000,5033.3333,5033.3333,5066.6667,5483.3333,6117.6667,6317.6667,6219.3333,6285,6385,6366.6667,5700,6094,7427.3333,9061,10333.6667,10333.6667,10333.3333
394388,49,"Birmingham, AL",Msa,AL,5066.6667,5400,5700,5966.6667,5966.6667,5833.3333,5566.6667,5266.6667,5233.3333,5200,5200,6016.6667,6683.3333,7650,7999.3333,7666,7466,6466.6667,6133.3333,5333.3333,5000,5000,5000,5000.3333,5133.6667,5467,5800,7033.3333,7700,7866.6667,7166.6667,6200,6366.6667,6033.3333,7033.3333,7366.6667,8700,9333.3333,10000,10000,10000
395053,50,"Salt Lake City, UT",Msa,UT,8333.3333,9666.6667,9700,10000,10000,10000,10000,9666.6667,8300.3333,6850.5,5817.1667,5550.1667,6333.3333,7700,9300,9935.3333,9902,9635.3333,9300,8050,7016.6667,5717.6667,6084.3333,7417.6667,9083.3333,9999.8333,9999.8333,9999.8333,10000,10000,10000,10000,10000,10000,10000,11516.6667,13183.3333,16516.6667,18333.3333,18333.3333,16666.6667
395031,51,"Rochester, NY",Msa,NY,5033.3333,5166.6667,5833.3333,6133.3333,6666.6667,6133.3333,5800,5166.6667,5033.3333,5033.3333,5000,5000,5300,6933.3333,8100,9433.3333,9166.6667,8331.6667,7331.6667,5998.3333,5700,5066.6667,5033.3333,5333.3333,7000,7966.6667,8133.3333,8133.3333,8833.3333,10000,9700,9383.3333,9050,8816.6667,7800,8133.3333,8666.6667,10000,10000,10000,10000
394640,52,"Grand Rapids, MI",Msa,MI,5033.3333,5866.6667,6733.3333,8333.3333,9133.5,9133.5,7833.5,6566.6667,5733.3333,5433.5,5066.8333,5033.5,5300,6333.3333,7983.5,9350.1667,9983.5,10000,9700,8083.3333,6416.6667,5050,5033.3333,6033.3333,6900,6866.6667,7233.3333,8033.3333,9700,10000,10000,9350,9016.6667,8016.6667,8666.6667,9000,10000,10000,10000,10833.3333,10833.3333
395167,53,"Tucson, AZ",Msa,AZ,5966.6667,6300,6666.6667,6333.3333,5699.8333,5066.5,5099.8333,5233.3333,5500,5800,5966.6667,5800,5800,5800,6000,5828.1667,5636.5,5336.5,5208.3333,5066.6667,5033.3333,5000,5000,5666.6667,6333.3333,6333.3333,6000,5666.6667,6794.3333,6794.3333,7327.6667,6533.3333,6950,6716.6667,7383.3333,7823.3333,8856.6667,9523.3333,10000,10000,10000
753924,54,"Urban Honolulu, HI",Msa,HI,17833.3333,16083.3333,14083.3333,14083.3333,14666.6667,14962.6667,14962.6667,14962.6667,15000,15000,15000,14666.6667,14666.6667,14666.6667,14666.6667,15000,15333.3333,15666.6667,15333.3333,15900,15900,15900,15000,15333.3333,15000,14333.3333,12666.6667,12481.3333,11814.6667,13148,13666.6667,14333.3333,14000,13333.3333,14000,14333.3333,15000,14666.6667,14666.6667,16333.3333,17667
395169,55,"Tulsa, OK",Msa,OK,5000,5000,5000,5000,5000,5000,5000,4999.8333,4999.8333,4999.8333,5000,5000,5000,5000,5000,5000,5000,5000,5000,5000,5000,5000,5000,5000.1667,5000.1667,5000.1667,5000,5033.3333,5033.3333,5066.6667,5033.3333,5033.3333,5000,5000,5018.3333,5385,6568.3333,8216.6667,9516.6667,10000,10000
394619,56,"Fresno, CA",Msa,CA,7166.6667,8000,8866.6667,8866.6667,8700,8350,7983.3333,7983.3333,7066.6667,6650,5983.3333,6550,6850,7483.3333,8450,9266.6667,9788.5,9127.6667,8461,7639.1667,7000,6425,6125,7145.6667,8387.3333,8979,8495,8311.6667,9020,9816.6667,10000,10000,8966.6667,8666.6667,8666.6667,9700,10666.6667,12333.3333,12333.3333,11850,11850
395238,57,"Worcester, MA",Msa,MA,9963.3333,9966.6667,10000,10000,10000,10000,10000,10000,10000,9166.6667,8500,7466.6667,8300,8966.6667,10000,10000,10000,10000,10000,10000,10000,9033.3333,9033.3333,9033.3333,10000,10000,10000,10000,10000,10000,10000,10000,10000,10000,10000,10000,10000,10000.3333,12400.3333,12700.3333,12733.3333
394415,58,"Stamford, CT",Msa,CT,16700,18366.6667,19700,20000,18333.3333,16666.6667,16333.3333,16650,16650,15316.6667,15666.6667,17033.3333,17366.6667,18366.6667,18666.6667,19667,18333.6667,16633.6667,16800,16466.6667,16166.6667,13933.3333,15600,17600,18666.6667,15633.3333,13966.6667,13966.6667,16252,16585.3333,17618.6667,17033.3333,17033.3333,15666.6667,16967,18300.3333,21300.3333,23000,25000,25300,24333.3333
394312,59,"Albuquerque, NM",Msa,NM,5000,5000,5033.3333,5033.3333,5033.3333,5000,5000,5000,5000,5000,5000,5000,5000,5033.3333,5066.6667,5083.3333,5083.3333,5083.3333,5100,5066.6667,5066.6667,5033.3333,5066.6667,5033.3333,5033.3333,5000,5033.3333,5700,6066.6667,6366.6667,6033.3333,6000,6000,5966.6667,5966.6667,6966.6667,8333.3333,9666.6667,10000,10000,10000
394308,60,"Albany, NY",Msa,NY,6200,6700,8000,8000,8833.3333,8683.3333,8750,7916.6667,7066.6667,6766.6667,6400,6900,6633.3333,7033.3333,7283.3333,8366.6667,9000,9250,8500,7500,6350,5533.3333,5200,5349.6667,5666.3333,6699.6667,7366.6667,8700,9333.3333,10000,10000,9083.3333,9050,8750,8300,6983.3333,7283.3333,8650,10000,10000,10000
394938,61,"Omaha, NE",Msa,NE,5033.3333,5366.6667,5683.3333,5966.6667,5966.6667,5816.6667,5516.6667,5183.3333,5016.6667,5000,5000,5000,5033.3333,5533.3333,5866.6667,6166.6667,5750,5833.3333,5533.3333,5483.3333,5066.6667,5033.3333,5000,5000,5033.3333,5033.3333,5366.6667,5675,6675,6675,7000,6666.6667,7166.6667,6533.3333,5866.6667,6700,7500,9166.6667,9166.6667,10000,10000
394908,62,"New Haven, CT",Msa,CT,10000,10000,10000,10000,10000,10000,10000,10000,10000,9500,9500,9000,9499.6667,9499.6667,9999.6667,10000,10000,10000,10000,10000,9333.3333,9333.3333,9300,9966.6667,9966.6667,10000,10000,10000,10000,10000,10000,10000,10000,10000,10000,10000,10000,10033.3333,11700,13033.3333,14666.6667
394357,63,"Bakersfield, CA",Msa,CA,5641.6667,5675,5708.3333,6066.6667,6333.3333,6300,5657.5,5357.5,5024.1667,5000,5000,5025,5025.3333,5358.6667,5633.6667,5966.6667,5966.6667,5700,5666.6667,5500,5800,5533.3333,5366.6667,5700,5700,5700,5033.3333,5666.6667,6000,7000,7666.6667,8666.6667,9000,9300.1667,8633.5,8033.3333,8066.5,9066.5,10000,10000,10000
394753,64,"Knoxville, TN",Msa,TN,5033.3333,5066.6667,5100,5100,5100,5066.6667,5033.3333,5000,5000,5000,5000,5000,5001.6667,5301.6667,5601.6667,5933.3333,5666.6667,5666.6667,5333.3333,5300,5000,5000,5000,5000,5166.6667,5166.6667,5166.6667,5333.3333,5666.6667,6016.6667,6700,6866.6667,7150,6266.6667,6233.3333,6933.5,8466.8333,9666.8333,10000,10000,10000
394653,65,"Greenville, SC",Msa,SC,5250,5283.3333,5066.6667,5100,5099.6667,5099.6667,5066.3333,5066.6667,5033.3333,5033.3333,5000,5000,5000,5333.3333,5366.6667,5533.3333,5200,5166.6667,5000,5000,5000,5000,5000,5000.3333,5000.3333,5000.3333,5000,5000,5000,5033.3333,5166.6667,5166.6667,5166.6667,5066.6667,5100,5233.3333,5866.6667,7166.6667,8666.6667,9666.6667,10000
394952,66,"Ventura, CA",Msa,CA,13365,13031.6667,13665,12733.3333,12766.6667,12799.6667,12733,11366.6667,10667,10000.3333,10333.3333,11333.3333,11641.6667,11641.6667,10941.6667,11466.6667,12466.6667,13500,13000,12591.6667,11591.6667,12591.6667,13333.6667,16333.6667,17000.3333,17000,15133.3333,14466.6667,14800,16533.3333,19866.6667,20900,21033.3333,19700,20000,21668.3333,25001.6667,31668.3333,36833.3333,35166.6667,31800
394318,67,"Allentown, PA",Msa,PA,5908.3333,6275,6308.3333,6700,6866.6667,7166.6667,7000,6833.3333,6833.3333,6666.3333,6333,6333,6666.6667,7166.6667,7583.3333,7916.6667,8450,7700,7700,6966.6667,7733.3333,7066.6667,6766.6667,7000,7666.6667,8333.3333,8566.6667,9233.3333,9816.5,9916.5,9916.5,10000,9516.6667,8683.3333,8650.3333,9133.6667,9967,10000,10000,10000,10000
394561,68,"El Paso, TX",Msa,TX,4508.3333,4375,4516.6667,4683.3333,4533.3333,4383.6667,4350.5,4633.8333,4783.5,4950,4983.3333,5000,5000,5000,5000,5000,5000,5000,5000,5000,5000,4966.6667,4966.6667,4933.3333,4966.6667,4966.6667,5000,5000,5000,5016.6667,5016.6667,5016.6667,5000,5000,5000,5000,5166.6667,6833.3333,7166.6667,7983.3333,7316.5
394367,69,"Baton Rouge, LA",Msa,LA,5000,5033.3333,5033.3333,5033.3333,5000,5000,5000,5000,5000,5000,5000,5000,5000,5000,5000,5000,5000,5000,5000,5000,5000,5000,4966.6667,4633.3333,4633.3333,4666.6667,5000,5000,5000,5000,5000,5000,5000,5000,5000,5303.3333,5636.6667,6636.6667,7891.6667,9225,8891.6667
394521,70,"Dayton, OH",Msa,OH,4699.1667,4700,5000,5000,5000,5000,5000,4966.6667,4633.3333,3966.6667,3500,3800,4466.6667,4966.6667,5000,5000,5000,5000,5000,5000,5000,5000,5000,5000,5000,5000,5000,5000,5000,5000,5000,5000,5000,5000,5000,5033.3333,5150,6150,6766.6667,6983.3333,6683.3333
394843,71,"McAllen, TX",Msa,TX,5300,5033.3333,5133.3333,5216.6667,5183.3333,5083.3333,5032.5,5065.8333,5065.8333,5033.3333,5100,5100,5266.6667,5833.3333,5833.3333,5700,5366.6667,5533.3333,6166.6667,6133.3333,6000,5436,5169.3333,5469.3333,5700,5966.6667,5633.3333,5333,5066.3333,5233,5500,5500,5933.3333,5666.6667,5966.6667,5366.6667,5666.6667,6333.3333,7633.5,8216.8333,8883.5
394486,72,"Columbia, SC",Msa,SC,5000,5000,5000,5000,5000,5000,5000,5000,5000,5000,5000,5000,5000,5000,5000,5000,5000,5000,5000,5000,5000,5000,5000,5000,5000,4833.3333,4833.3333,4833.3333,5000,5000,5000,5000,5000,5000,5000,5000,6583.3333,8250,9583.3333,9666.6667,9666.6667
394648,73,"Greensboro, NC",Msa,NC,5000,5000,5033.3333,5033.3333,5033.3333,5018.8333,5018.8333,5018.8333,5000,5000,5000,5000,5000,5033.3333,5033.3333,5066.6667,5033.3333,5033.3333,5000,5000,5000,5000,5000,5000,5000,4950,4983.3333,5016.6667,5400,5400,5366.6667,5033.3333,5033.3333,5033.3333,5033.3333,5000,5033.3333,6700,7400,9033.3333,7066.6667
394304,74,"Akron, OH",Msa,OH,5000,5000,5000,5033.3333,5166.6667,5166.6667,5133.3333,5000,5000,5000,5000,5000,5000,5000,5300,5633.3333,5799.6667,5833,5799.6667,5766.6667,5433.3333,5133.3333,5000,5000,5000,5000,5666.6667,5966.6667,6483.3333,7150,7016.6667,6916.6667,5600,5433.3333,5016.6667,5000,5833.3333,6166.6667,6333.3333,6866.6667,7866.6667
753906,75,"North Port-Sarasota-Bradenton, FL",Msa,FL,9566.3333,9533,9333,8933.3333,9100,8433.3333,7833.3333,7333.3333,7333.3333,7900,8566.6667,9533.3333,9800,9500,8941.6667,8441.5,8021.1667,7612.8333,6913,6516.6667,6183.3333,6883.3333,7666.6667,9000,8950,7950,6316.6667,5666.6667,6083.3333,6775,6808.3333,6391.6667,6000,6683.3333,7350,8683.3333,9333.3333,10000,10333.3333,11666.6667,11741.6667
394798,76,"Little Rock, AR",Msa,AR,5000,5000,5000,5000,5000,5000,5000,5000,5000,5000,5000,5000,5000,5000,5000,5000,5000,5000,5000,5000,5000,5000,5000,5000,5000,5000,5000,5000,5000,5000,5000,5000,5000,5333.3333,5700,6033.3333,7033.3333,8333.3333,9666.6667,10000,10000
395134,77,"Stockton, CA",Msa,CA,9366.6667,9666.6667,9666.6667,10000,10000,9966.6667,9966.6667,9966.6667,10000,8833.3333,8831.5,8831.5,9848.1667,9850,9850,10000,10000,9999.3333,9999.3333,9999.3333,10000,9966.6667,9966.6667,9966.6667,10000,9000,8333.3333,8000.3333,9000.3333,9667,10000,10033.3333,10033.3333,10033.3333,10000.3333,10333.6667,10834.3333,14150.6667,17150.6667,19983.3333,20000
394457,78,"Charleston, SC",Msa,SC,5033.6667,5333.6667,5498.6667,5665,5331.6667,5200,5033.3333,5066.6667,5033.3333,5033.3333,5000,5000,5033.3333,5366.6667,5700,5700,5366.6667,5033.3333,5000,5030.1667,5036.8333,5036.8333,5006.6667,5333.3333,5366.6667,5366.6667,5033.3333,5000.3333,5000.3333,5333.6667,5666.6667,7000,7800,7833.3333,8166.6667,7700,8967,8967,9967,10000,10000
395143,79,"Syracuse, NY",Msa,NY,5000,5000,5000,5300,5300,5300,5000,5000,5000,5000,5000,5000,5000,5000,5033.3333,5116.6667,5150,5150,5100,5066.6667,5033.3333,5000,5000,5000,5000,5650,5983.3333,6533.3333,7133.3333,8466.6667,8250,7333.3333,5666.6667,5333.3333,5033.3333,5166.6667,5500,7133.3333,8666.6667,10000,10000
394484,80,"Colorado Springs, CO",Msa,CO,9366.6667,9700,10033.3333,10033.3333,10000,10000,9833.3333,9833.3333,8500,7033.3333,7033.3333,7700,9000,9000,9666.6667,10000,10000,10000,10000,10000,9150,7816.6667,7816.6667,8666.6667,10033.3333,10033.3333,10033.3333,10000,10000,10033.3333,10033.3333,10033.3333,10000,10000,9966.6667,13300,14633.3333,16300,17966.6667,21633.3333,24416.6667
395235,81,"Winston-Salem, NC",Msa,NC,5366.6667,5400,5433.3333,5133.3333,5100,5066.6667,5066.6667,5033.3333,5033.3333,5000,5000,5033.3333,5066.6667,5266.6667,5733.3333,6366.6667,6200,6000,5366.6667,5366.6667,5100,5150,5118.3333,5501.6667,6085,6250,5866.6667,6200,6700,6666.6667,5700,5216.6667,5916.6667,5883.3333,5916.6667,6254,7920.6667,9370.6667,9666.6667,9666.6667,9666.6667
395224,82,"Wichita, KS",Msa,KS,5000,5000,5000,5000,5000,5000,5000,5000,5000,5000,5000,5000,5000,5000,5000,5000,5000,5000,5000,5000,5000,5000,5000,5000,5000,5000,5000,5033.3333,5033.5,5050.3333,5017,5016.8333,5000,5000,5000,5000,5000,5816.6667,6816.6667,7816.6667,7450
395115,83,"Springfield, MA",Msa,MA,5666.6667,6166.6667,7533.3333,8533.3333,9033.3333,8533.3333,7200,6866.6667,6033.3333,5733.3333,5066.6667,5033.3333,5068,5526.3333,6326.3333,7625,8166.6667,9033.3333,9033.3333,8683.3333,7350,5983.3333,5366.6667,5800,7150,7450,6716.6667,6333.3333,7666.6667,9300,9926.8333,9926.8333,9593.5,9633.3333,9633.3333,9966.6667,10000,10000,11646.6667,11980,12313.3333
394440,84,"Fort Myers, FL",Msa,FL,6150,6150,5700,5400,5066.6667,5033.3333,5000,5000,5000,5033.3333,5100,5433.3333,5733.3333,5700,5400,5066.6667,5033.3333,5000,5000,5000,5000,5000,5033.3333,5533.3333,5833.5,5800.1667,5300.1667,5000,5000,5000,5000,5000,5333.3333,5633.3333,5666.6667,6333.3333,7700,9333.3333,10333.3333,10333.3333,10333.3333
394399,85,"Boise City, ID",Msa,ID,5366.6667,6000,6223,6923,6289.6667,6366.6667,5366.6667,5400,5066.6667,5033.3333,5000,5000,5000,5033.3333,6073,6406.3333,6489.6667,6116.6667,6116.6667,6033.3333,5366.6667,5033.3333,5000,5000,5000,5325.3333,5625.3333,6958.6667,7933.3333,9283.3333,9616.6667,9983.3333,10033.3333,8366.6667,6700,8947.3333,10614,14280.6667,15333.3333,17177,16527
395160,86,"Toledo, OH",Msa,OH,5000,5000,5000,5000,5000,5000,5000,5000,5000,5000,5000,5000,5000,5000,5000,5033.3333,5033.3333,5033.3333,5000,5000,5000,5000,5000,5000,5000,5000,5000,5433.3333,5583.3333,5591.6667,5191.6667,5191.6667,5183.3333,5150,5000,5000,,,,9500,10000
394816,87,"Madison, WI",Msa,WI,7533.3333,8533.3333,9333.3333,10000,10000,10000,9983.3333,9819.3333,9519.3333,9519.3333,9283.3333,9583.3333,9600,10000,10000,10000,10000,10000,10000,9333.3333,8016.6667,7683.3333,8350,9666.6667,10000,10000,10000,10000,10000,10000,10000,10000,10000,10000,10000,10000,11000,12700,14333.3333,14200,12500
394766,88,"Lakeland, FL",Msa,FL,5000,5000,5000,5000,5000,5000,5000,5000,5000,5000,5000,5000,5000,5000,5000,5000,5000,5000,5000,5000,5000,5000,5000,5000,5000,5000,5000,5000,5000,5000,5000,5000,5000,5000,5000,5000,5033.3333,5033.3333,6550,8183.3333,9850
394931,89,"Ogden, UT",Msa,UT,7201.5,8701.6667,9466.6667,9833.3333,9633.3333,8333.3333,7000,5933.3333,5933.3333,5600,5366.6667,5066.6667,5400,5683.3333,5983.3333,6616.6667,6633.3333,6666.6667,5733.3333,5700,5366.6667,5333.3333,5033.3333,5875,6906.6667,7270.5,7062.1667,7663.8333,8966.6667,9966.6667,10000,10000,10000,9916.6667,9916.6667,8916.6667,9000,11483.3333,15816.6667,16150,14633.6667
394528,90,"Daytona Beach, FL",Msa,FL,5033.3333,5066.6667,5067,5067,5067,5066.6667,5033.3333,5000,5000,5000,5000,5000,5000,5033.3333,5033.6667,5066.6667,5033.3333,5033,5000,5000,5000,5000,5000,5033.3333,5064.8333,5064.8333,5031.5,5000,5000,5000,5017.5,5050.8333,5050.8333,5033.3333,5233.3333,5900,6566.6667,8000,8833.3333,9833.3333,9833.3333
394531,91,"Des Moines, IA",Msa,IA,5000,5000,5000,5000,5000,5000,5000,5000,5000,5000,5000,5000,5000,5000,5000,5000,5000,5000,5000,5000,5000,4666.6667,4666.6667,4666.6667,5000,5000,5000,5000,5000,5000,5000,5000,5000,5000,5000,5000,5000,5033.3333,5233.3333,5566.6667,5700
394711,92,"Jackson, MS",Msa,MS,5000,5000,5000,5000,5000,5000,5000,5000,5000,5000,5000,5000,5000,5000,5000,5000,5000,5000,5000,5000,5000,4966.6667,4966.6667,4966.6667,5000.1667,5000.1667,5000.1667,5000,5033.3333,5066.6667,5100,5100,5066.6667,5166.6667,5298.6667,5965.3333,6632,7800,8466.6667,9333.3333,9666.6667
394352,94,"Augusta, GA",Msa,GA,5033.3333,5033.3333,5033.3333,5000,5000,5033.3333,5033.3333,5033.3333,5000,5000,5000.3333,5000.3333,5000.3333,5000,5000,5000,5000,5000,5000,5000,5000,5000,5000,5033.3333,5033.3333,5033.3333,5000,5033.3333,5033.3333,5066.6667,5200,5200,5166.6667,5166.6667,5166.6667,5500,5333.3333,6650.1667,7983.5,9650.1667,10000
394666,96,"Harrisburg, PA",Msa,PA,5000,5000,5000,5000,5000,5000,5000,5033.3333,5033.3333,5033.3333,5000,5000,5033.3333,5166.6667,5166.6667,5433.3333,5300,5333.3333,5066.6667,5066.6667,5033.8333,5000.5,5000.5,5033.3333,5166.6667,5983.3333,5950,6150,6000,6133.3333,5800,5166.6667,5350,5350,5316.6667,5000,5000,6666.6667,7666.5,9300.5,8533.8333
395006,100,"Provo, UT",Msa,UT,7416.6667,9050,9466.6667,9466.6667,8800,8633.3333,7333.3333,6333.3333,5366.6667,5033.3333,5033.3333,5000,5000,5000,5333.3333,5633.3333,5815.8333,5815.8333,5682.5,5500,5166.6667,5000,5033.3333,5200,6066.6667,6033.3333,6200,6650,6983.3333,8316.6667,8666.6667,9967,9633.6667,9633.6667,8000,9433.3333,12433.3333,16433.3333,17333.3333,14633.3333,13633.3333
394602,159,"Fort Collins, CO",Msa,CO,8895.1667,9133.3333,9966.6667,10000,10000,10000,10000,10000,10000,8850,8016.6667,6383.3333,7200,7700,9000,9033.3333,8399.6667,7733,7299.6667,7266.6667,7371.3333,6471.3333,6059.6667,5955,7588.3333,7666.6667,8000,7666.6667,8633.3333,8363,8029.6667,8396.1667,9333.1667,8999.8333,7666.6667,7666.6667,10333.3333,14183.3333,17516.6667,17183.3333,16333.3333
