RegionID,RegionName,SizeRank,2014-01,2014-02,2014-03,2014-04,2014-05,2014-06,2014-07,2014-08,2014-09,2014-10,2014-11,2014-12,2015-01,2015-02,2015-03,2015-04,2015-05,2015-06,2015-07,2015-08,2015-09,2015-10,2015-11,2015-12,2016-01,2016-02,2016-03,2016-04,2016-05,2016-06,2016-07,2016-08,2016-09,2016-10,2016-11,2016-12,2017-01,2017-02,2017-03,2017-04,2017-05,2017-06,2017-07,2017-08,2017-09,2017-10,2017-11,2017-12,2018-01,2018-02,2018-03,2018-04,2018-05,2018-06,2018-07,2018-08,2018-09,2018-10,2018-11,2018-12,2019-01,2019-02,2019-03,2019-04,2019-05,2019-06,2019-07,2019-08,2019-09,2019-10,2019-11,2019-12,2020-01,2020-02,2020-03,2020-04,2020-05,2020-06,2020-07,2020-08,2020-09,2020-10,2020-11,2020-12,2021-01,2021-02,2021-03,2021-04,2021-05,2021-06,2021-07
102001,United States,0,1356,1361,1367,1373,1378,1384,1390,1395,1401,1406,1412,1418,1423,1429,1434,1440,1445,1450,1456,1461,1467,1472,1477,1482,1487,1492,1496,1501,1505,1509,1513,1517,1521,1525,1529,1533,1537,1541,1545,1549,1554,1558,1562,1567,1571,1575,1580,1584,1588,1593,1597,1602,1607,1612,1617,1622,1627,1632,1637,1642,1647,1652,1657,1662,1667,1671,1676,1680,1684,1689,1691,1693,1695,1696,1697,1698,1698,1699,1700,1704,1708,1712,1721,1729,1738,1747,1757,1766,1776,1786,1796
394913,"New York, NY",1,2205,2214,2224,2234,2244,2254,2264,2273,2283,2293,2302,2312,2321,2330,2339,2348,2356,2364,2373,2380,2387,2394,2399,2405,2410,2414,2418,2423,2426,2430,2433,2437,2440,2444,2447,2451,2454,2458,2462,2465,2468,2471,2475,2477,2480,2482,2484,2487,2489,2492,2495,2498,2502,2506,2510,2515,2520,2525,2530,2536,2541,2546,2551,2557,2561,2566,2571,2574,2578,2581,2578,2575,2572,2560,2547,2535,2516,2498,2480,2466,2451,2437,2433,2428,2424,2421,2418,2415,2414,2413,2413
753899,"Los Angeles-Long Beach-Anaheim, CA",2,1868,1879,1890,1902,1913,1924,1935,1947,1958,1969,1980,1992,2003,2014,2024,2035,2047,2058,2069,2081,2092,2104,2115,2127,2138,2149,2160,2171,2181,2191,2201,2211,2221,2230,2240,2250,2260,2269,2279,2289,2298,2307,2316,2325,2333,2342,2350,2358,2366,2374,2382,2390,2399,2408,2416,2425,2433,2442,2450,2458,2466,2473,2481,2488,2495,2503,2510,2515,2521,2527,2528,2530,2532,2531,2530,2529,2527,2526,2524,2526,2528,2529,2538,2546,2554,2563,2572,2581,2591,2601,2611
394463,"Chicago, IL",3,1437,1441,1445,1449,1453,1456,1460,1463,1467,1471,1474,1478,1481,1485,1489,1492,1496,1500,1504,1509,1514,1518,1523,1528,1533,1537,1540,1544,1547,1550,1553,1556,1558,1561,1564,1566,1569,1571,1574,1577,1579,1582,1585,1588,1590,1593,1595,1598,1600,1603,1605,1608,1611,1613,1616,1619,1622,1625,1629,1632,1636,1639,1643,1647,1651,1655,1659,1662,1665,1668,1669,1670,1671,1669,1668,1666,1663,1660,1656,1655,1653,1651,1653,1655,1657,1659,1662,1664,1667,1670,1674
394514,"Dallas-Fort Worth, TX",4,1179,1182,1186,1190,1194,1198,1202,1206,1209,1213,1218,1222,1226,1231,1236,1240,1245,1250,1255,1260,1264,1269,1274,1280,1285,1290,1295,1301,1306,1312,1317,1322,1328,1333,1337,1342,1347,1351,1356,1360,1365,1369,1374,1378,1382,1386,1390,1394,1398,1401,1405,1409,1413,1417,1421,1425,1429,1434,1438,1443,1447,1452,1456,1461,1465,1469,1473,1477,1480,1483,1485,1487,1489,1491,1492,1494,1496,1499,1501,1507,1513,1519,1529,1540,1551,1562,1573,1585,1597,1608,1620
394974,"Philadelphia, PA",5,1456,1458,1459,1461,1463,1465,1467,1469,1471,1473,1476,1479,1482,1485,1488,1491,1495,1498,1502,1506,1510,1514,1518,1521,1525,1529,1532,1536,1539,1542,1545,1548,1551,1554,1557,1560,1563,1565,1568,1571,1574,1577,1580,1584,1587,1590,1594,1597,1601,1605,1609,1613,1617,1621,1625,1630,1634,1639,1643,1648,1652,1657,1661,1666,1670,1674,1679,1683,1686,1690,1693,1695,1698,1700,1702,1704,1707,1709,1711,1715,1719,1723,1729,1735,1741,1748,1754,1761,1768,1774,1781
394692,"Houston, TX",6,1135,1142,1149,1155,1161,1168,1174,1180,1186,1193,1198,1203,1208,1212,1215,1218,1221,1224,1227,1229,1232,1234,1235,1237,1238,1238,1238,1239,1238,1238,1237,1237,1236,1235,1235,1235,1235,1236,1237,1238,1241,1244,1247,1250,1254,1258,1262,1266,1270,1273,1277,1280,1283,1285,1287,1289,1290,1292,1294,1295,1297,1299,1301,1303,1305,1307,1309,1310,1312,1314,1314,1314,1314,1314,1314,1313,1313,1313,1314,1315,1317,1319,1325,1331,1336,1342,1348,1354,1361,1368,1374
395209,"Washington, DC",7,1805,1808,1811,1814,1817,1820,1822,1825,1828,1831,1833,1835,1838,1840,1842,1844,1846,1849,1851,1855,1858,1861,1864,1867,1870,1872,1875,1877,1879,1882,1884,1886,1889,1891,1894,1897,1900,1903,1906,1909,1912,1914,1917,1919,1921,1923,1926,1928,1931,1934,1938,1941,1945,1950,1954,1959,1964,1969,1974,1979,1984,1989,1994,1999,2003,2008,2012,2016,2019,2023,2023,2023,2024,2021,2018,2015,2010,2004,1999,1996,1992,1988,1990,1991,1993,1995,1997,1999,2002,2005,2008
394856,"Miami-Fort Lauderdale, FL",8,1641,1649,1658,1666,1674,1682,1690,1699,1707,1715,1723,1732,1740,1748,1756,1765,1773,1782,1790,1798,1806,1814,1821,1828,1835,1840,1845,1850,1853,1857,1860,1863,1866,1869,1871,1874,1877,1881,1884,1888,1892,1896,1900,1904,1908,1912,1916,1920,1925,1929,1934,1938,1943,1948,1953,1957,1962,1967,1971,1975,1980,1984,1988,1992,1996,2001,2006,2010,2015,2019,2022,2026,2029,2032,2034,2037,2041,2046,2050,2061,2072,2083,2103,2124,2144,2166,2187,2209,2232,2255,2278
394347,"Atlanta, GA",9,1098,1102,1106,1110,1114,1118,1122,1127,1131,1135,1140,1144,1149,1154,1159,1164,1169,1174,1179,1185,1190,1195,1201,1207,1212,1218,1224,1230,1237,1243,1249,1255,1260,1266,1272,1277,1283,1289,1295,1301,1307,1313,1319,1325,1331,1337,1343,1349,1355,1361,1368,1374,1381,1388,1395,1402,1409,1417,1424,1431,1438,1444,1451,1457,1463,1469,1474,1479,1484,1489,1493,1496,1500,1504,1509,1513,1520,1526,1533,1545,1556,1568,1585,1602,1619,1637,1655,1673,1691,1710,1728
394404,"Boston, MA",10,2046,2052,2057,2063,2068,2074,2079,2084,2090,2095,2101,2108,2114,2120,2126,2132,2138,2145,2151,2159,2167,2175,2182,2190,2197,2205,2212,2219,2226,2233,2240,2247,2253,2260,2266,2272,2278,2284,2290,2295,2301,2307,2312,2318,2323,2328,2334,2339,2344,2349,2355,2361,2367,2373,2379,2385,2392,2398,2405,2411,2418,2424,2431,2437,2444,2450,2457,2462,2467,2472,2473,2473,2473,2466,2460,2453,2443,2433,2422,2415,2409,2402,2402,2403,2403,2405,2406,2408,2411,2414,2417
395057,"San Francisco, CA",11,2134,2167,2199,2232,2264,2296,2328,2360,2392,2424,2455,2485,2516,2541,2567,2593,2615,2637,2659,2678,2697,2716,2731,2746,2760,2770,2780,2789,2795,2800,2805,2809,2813,2817,2821,2826,2831,2837,2844,2850,2858,2866,2874,2882,2890,2898,2905,2912,2919,2927,2935,2942,2951,2960,2968,2977,2986,2995,3003,3012,3020,3027,3035,3042,3049,3056,3062,3068,3073,3078,3076,3074,3072,3058,3045,3031,3010,2989,2968,2951,2933,2916,2909,2903,2897,2892,2887,2882,2880,2877,2875
394532,"Detroit, MI",12,992,995,997,1000,1003,1005,1008,1011,1013,1016,1019,1021,1024,1027,1029,1032,1034,1037,1039,1042,1045,1047,1050,1053,1056,1059,1062,1065,1068,1071,1074,1077,1079,1082,1085,1089,1092,1095,1099,1102,1106,1109,1113,1117,1120,1124,1128,1131,1134,1138,1141,1145,1148,1152,1155,1158,1162,1165,1169,1172,1175,1179,1182,1185,1188,1191,1194,1197,1199,1202,1204,1207,1209,1212,1216,1219,1224,1230,1235,1243,1251,1258,1268,1278,1288,1298,1307,1317,1328,1338,1348
395025,"Riverside, CA",13,1427,1432,1437,1442,1447,1452,1457,1463,1468,1473,1479,1485,1491,1497,1503,1509,1515,1521,1528,1534,1540,1546,1552,1558,1564,1571,1577,1583,1590,1596,1603,1610,1617,1624,1632,1639,1647,1656,1664,1672,1680,1688,1696,1704,1712,1720,1728,1736,1744,1753,1761,1769,1778,1786,1795,1803,1811,1819,1826,1834,1841,1848,1855,1862,1869,1876,1883,1889,1896,1902,1908,1915,1921,1930,1940,1949,1964,1978,1992,2014,2035,2056,2083,2111,2138,2165,2193,2221,2249,2278,2306
394976,"Phoenix, AZ",14,997,1001,1005,1009,1013,1017,1021,1025,1030,1034,1039,1044,1049,1054,1060,1065,1070,1076,1081,1086,1091,1097,1102,1107,1112,1117,1122,1127,1132,1137,1142,1147,1151,1156,1161,1166,1171,1176,1182,1187,1192,1198,1203,1209,1215,1221,1227,1233,1240,1247,1254,1261,1269,1277,1285,1293,1301,1310,1318,1326,1335,1344,1352,1361,1370,1379,1387,1396,1404,1413,1420,1427,1434,1441,1449,1456,1466,1476,1485,1500,1515,1530,1551,1573,1595,1617,1640,1662,1686,1709,1732
395078,"Seattle, WA",15,1358,1368,1378,1388,1398,1408,1418,1427,1437,1447,1456,1466,1475,1484,1493,1502,1511,1520,1529,1538,1547,1556,1566,1576,1586,1596,1606,1616,1626,1635,1645,1655,1665,1674,1684,1694,1704,1713,1722,1731,1738,1745,1753,1759,1765,1771,1776,1781,1786,1790,1795,1799,1805,1810,1815,1821,1827,1833,1840,1846,1852,1859,1866,1873,1881,1888,1896,1904,1911,1919,1923,1926,1930,1929,1928,1927,1922,1917,1912,1909,1905,1901,1905,1908,1912,1916,1921,1925,1931,1936,1942
394865,"Minneapolis-St Paul, MN",16,1283,1286,1289,1293,1296,1299,1303,1306,1309,1313,1317,1320,1324,1328,1331,1335,1339,1343,1348,1352,1357,1362,1366,1371,1376,1380,1385,1390,1395,1400,1405,1410,1415,1420,1425,1430,1436,1441,1446,1451,1456,1461,1466,1471,1476,1481,1486,1491,1496,1501,1506,1511,1516,1521,1526,1532,1537,1542,1548,1553,1558,1563,1569,1574,1579,1584,1589,1594,1598,1603,1606,1609,1612,1614,1617,1619,1620,1622,1624,1625,1627,1629,1632,1635,1639,1642,1646,1650,1653,1657,1661
395056,"San Diego, CA",17,1648,1657,1666,1674,1684,1693,1702,1711,1720,1729,1738,1748,1757,1767,1776,1785,1793,1802,1811,1819,1827,1836,1845,1854,1862,1871,1880,1889,1897,1906,1914,1922,1930,1939,1947,1955,1963,1971,1980,1988,1996,2005,2013,2021,2029,2037,2045,2053,2061,2069,2077,2085,2093,2101,2110,2117,2124,2131,2137,2144,2150,2156,2162,2169,2175,2181,2187,2193,2198,2204,2207,2211,2214,2218,2221,2224,2229,2235,2240,2250,2260,2270,2287,2303,2319,2336,2353,2370,2388,2405,2423
395121,"St. Louis, MO",18,952,955,958,961,964,967,970,973,976,979,982,984,987,989,991,993,995,997,1000,1002,1004,1006,1008,1010,1012,1014,1016,1018,1020,1022,1023,1025,1027,1028,1030,1032,1033,1035,1037,1039,1041,1043,1045,1046,1048,1050,1052,1054,1056,1058,1060,1062,1064,1067,1069,1071,1074,1077,1080,1083,1086,1089,1093,1096,1099,1102,1105,1108,1111,1114,1116,1119,1122,1125,1128,1131,1134,1138,1141,1146,1150,1155,1161,1167,1173,1180,1186,1192,1199,1205,1212
395148,"Tampa, FL",19,1129,1133,1137,1141,1145,1149,1153,1157,1162,1166,1170,1175,1179,1184,1189,1194,1199,1205,1210,1215,1221,1227,1232,1238,1243,1248,1253,1259,1264,1269,1273,1278,1283,1288,1293,1298,1303,1307,1312,1317,1323,1328,1333,1338,1344,1349,1355,1361,1367,1372,1378,1384,1390,1396,1402,1408,1413,1419,1424,1429,1434,1440,1445,1450,1456,1461,1467,1472,1477,1483,1487,1492,1496,1501,1507,1512,1520,1527,1535,1547,1560,1572,1592,1612,1631,1652,1672,1693,1714,1736,1757
394358,"Baltimore, MD",20,1453,1457,1461,1465,1469,1473,1477,1481,1485,1488,1491,1494,1496,1498,1500,1501,1503,1505,1507,1509,1511,1513,1515,1517,1518,1519,1520,1521,1521,1521,1521,1521,1521,1521,1521,1522,1522,1523,1525,1526,1527,1528,1530,1531,1532,1533,1535,1536,1537,1538,1540,1541,1543,1545,1548,1551,1554,1557,1560,1563,1566,1569,1572,1575,1578,1581,1583,1585,1587,1588,1588,1589,1589,1589,1590,1590,1592,1594,1596,1602,1607,1613,1623,1633,1643,1654,1664,1674,1685,1697,1708
394530,"Denver, CO",21,1193,1208,1223,1238,1253,1268,1282,1297,1312,1326,1340,1353,1367,1377,1388,1399,1408,1417,1425,1433,1441,1449,1455,1462,1468,1474,1479,1484,1488,1492,1496,1499,1503,1507,1511,1515,1519,1523,1528,1532,1537,1542,1547,1551,1556,1561,1565,1570,1574,1579,1584,1589,1595,1600,1605,1611,1617,1622,1628,1633,1638,1643,1648,1653,1657,1662,1666,1670,1673,1676,1677,1678,1679,1678,1678,1677,1677,1677,1678,1681,1685,1689,1698,1707,1717,1727,1737,1747,1757,1768,1779
394982,"Pittsburgh, PA",22,1009,1015,1020,1025,1030,1034,1039,1043,1048,1052,1054,1057,1059,1060,1061,1062,1063,1064,1065,1067,1069,1071,1073,1074,1076,1077,1078,1078,1079,1080,1080,1081,1082,1083,1084,1085,1086,1088,1089,1091,1093,1095,1097,1099,1101,1103,1105,1108,1110,1113,1116,1119,1123,1126,1129,1132,1135,1138,1141,1144,1147,1150,1154,1157,1161,1164,1168,1172,1175,1178,1181,1184,1186,1188,1190,1191,1193,1194,1196,1199,1201,1204,1208,1212,1216,1220,1224,1228,1232,1237,1241
394998,"Portland, OR",23,1121,1130,1139,1148,1158,1167,1176,1186,1195,1204,1214,1224,1234,1244,1255,1265,1276,1286,1297,1307,1317,1327,1336,1345,1355,1362,1369,1377,1382,1388,1394,1399,1405,1410,1415,1419,1424,1428,1432,1436,1439,1443,1446,1449,1452,1455,1458,1461,1464,1468,1471,1475,1479,1484,1488,1493,1497,1502,1506,1511,1515,1520,1524,1529,1533,1538,1543,1547,1551,1555,1557,1560,1562,1563,1565,1566,1568,1569,1570,1574,1579,1583,1591,1599,1608,1616,1625,1634,1643,1652,1662
394458,"Charlotte, NC",24,1183,1187,1191,1196,1200,1204,1208,1213,1217,1221,1226,1231,1236,1241,1247,1252,1258,1263,1269,1275,1281,1287,1292,1298,1304,1309,1315,1320,1325,1331,1336,1341,1347,1352,1357,1363,1368,1373,1379,1384,1389,1394,1399,1404,1409,1413,1418,1423,1428,1433,1438,1443,1448,1454,1460,1467,1473,1480,1486,1492,1499,1505,1511,1518,1524,1530,1536,1541,1545,1550,1553,1556,1559,1561,1564,1567,1571,1574,1578,1587,1595,1603,1617,1630,1644,1658,1672,1686,1701,1716,1731
395045,"Sacramento, CA",25,1233,1238,1243,1248,1253,1258,1263,1269,1274,1279,1286,1292,1299,1306,1314,1321,1329,1337,1345,1353,1362,1370,1379,1389,1398,1407,1416,1426,1435,1445,1454,1464,1475,1485,1495,1505,1515,1525,1536,1546,1556,1566,1576,1584,1593,1602,1610,1619,1627,1635,1642,1650,1657,1665,1672,1680,1688,1696,1703,1711,1718,1725,1732,1739,1746,1752,1759,1765,1770,1776,1781,1786,1791,1798,1805,1812,1822,1832,1841,1855,1868,1881,1899,1916,1933,1950,1968,1985,2003,2021,2039
395055,"San Antonio, TX",26,969,972,974,977,980,983,986,989,991,994,998,1001,1004,1008,1011,1015,1018,1022,1026,1029,1033,1037,1040,1043,1046,1049,1052,1054,1057,1060,1063,1066,1069,1072,1075,1078,1081,1083,1086,1089,1091,1093,1096,1098,1100,1102,1104,1106,1109,1111,1114,1117,1120,1123,1127,1130,1133,1137,1140,1143,1147,1150,1154,1158,1161,1165,1168,1171,1174,1177,1179,1180,1182,1184,1185,1186,1189,1191,1193,1197,1202,1206,1214,1221,1229,1237,1245,1253,1261,1269,1277
394943,"Orlando, FL",27,1157,1161,1165,1169,1174,1178,1182,1187,1191,1195,1200,1204,1209,1214,1219,1224,1229,1235,1240,1246,1251,1257,1262,1268,1274,1279,1284,1290,1295,1300,1305,1310,1315,1320,1325,1330,1335,1341,1346,1352,1358,1364,1370,1378,1385,1392,1399,1407,1414,1422,1429,1437,1444,1451,1458,1464,1470,1476,1481,1487,1492,1497,1502,1507,1512,1517,1522,1526,1530,1534,1536,1539,1541,1543,1544,1546,1549,1551,1554,1560,1567,1574,1586,1599,1611,1625,1638,1651,1665,1680,1694
394466,"Cincinnati, OH",28,942,945,949,952,956,959,962,966,969,973,976,979,982,985,988,991,995,999,1002,1006,1010,1013,1016,1019,1023,1025,1028,1031,1034,1037,1039,1043,1046,1049,1053,1056,1060,1063,1067,1071,1074,1077,1080,1084,1087,1090,1094,1097,1101,1105,1109,1113,1117,1122,1127,1132,1137,1142,1147,1152,1157,1163,1168,1173,1178,1183,1188,1193,1198,1203,1207,1211,1215,1219,1223,1228,1232,1237,1242,1249,1255,1261,1269,1277,1285,1294,1302,1310,1319,1327,1336
394475,"Cleveland, OH",29,1057,1060,1063,1066,1070,1073,1076,1080,1083,1087,1091,1095,1099,1103,1107,1111,1115,1118,1121,1124,1127,1130,1134,1138,1142,1146,1149,1153,1155,1157,1159,1160,1160,1160,1159,1158,1157,1156,1155,1153,1155,1156,1157,1159,1161,1163,1165,1168,1170,1173,1175,1178,1181,1184,1188,1191,1195,1198,1202,1205,1209,1211,1214,1216,1219,1221,1223,1225,1228,1230,1232,1234,1237,1240,1243,1247,1251,1255,1259,1265,1270,1276,1283,1290,1297,1304,1311,1318,1326,1333,1340
394735,"Kansas City, MO",30,908,911,915,919,922,926,929,933,936,940,943,946,949,951,954,957,960,963,966,969,972,976,979,982,985,988,990,993,996,1000,1003,1006,1009,1012,1015,1018,1021,1024,1028,1031,1034,1037,1040,1042,1045,1048,1051,1054,1057,1061,1064,1067,1069,1072,1075,1078,1081,1085,1088,1092,1095,1099,1102,1106,1109,1113,1116,1120,1124,1128,1131,1135,1139,1143,1147,1151,1156,1161,1165,1171,1176,1181,1188,1195,1201,1208,1215,1222,1229,1236,1243
394775,"Las Vegas, NV",31,1002,1005,1007,1009,1012,1014,1017,1019,1022,1024,1027,1030,1033,1036,1040,1043,1047,1050,1054,1058,1062,1066,1071,1075,1079,1083,1087,1091,1095,1099,1104,1108,1112,1116,1121,1125,1130,1135,1140,1145,1151,1157,1162,1168,1175,1181,1187,1193,1200,1207,1213,1220,1227,1234,1241,1248,1256,1263,1270,1277,1284,1290,1297,1303,1309,1315,1321,1325,1330,1334,1337,1340,1343,1347,1352,1356,1363,1370,1377,1390,1403,1415,1435,1454,1473,1493,1513,1533,1554,1575,1596
394492,"Columbus, OH",32,959,961,963,965,968,970,972,975,977,979,983,986,989,993,997,1001,1005,1009,1013,1017,1021,1025,1028,1032,1036,1038,1041,1044,1046,1048,1051,1054,1057,1060,1063,1066,1070,1073,1077,1081,1085,1090,1094,1098,1103,1107,1111,1116,1120,1124,1129,1133,1137,1142,1146,1150,1154,1158,1162,1166,1169,1173,1177,1180,1184,1188,1191,1195,1198,1202,1205,1209,1213,1217,1221,1226,1231,1236,1241,1247,1253,1259,1266,1274,1281,1288,1296,1303,1310,1318,1325
394705,"Indianapolis, IN",33,976,978,980,982,984,986,988,990,992,994,995,997,999,1001,1003,1005,1008,1011,1013,1016,1019,1022,1025,1028,1031,1034,1037,1039,1041,1043,1045,1047,1049,1051,1054,1056,1058,1060,1063,1066,1069,1072,1076,1079,1083,1087,1090,1094,1097,1101,1104,1108,1111,1114,1118,1121,1125,1129,1133,1137,1142,1146,1151,1155,1159,1164,1168,1172,1176,1180,1184,1188,1192,1198,1203,1209,1216,1223,1230,1239,1247,1256,1266,1277,1287,1297,1308,1318,1329,1339,1350
395059,"San Jose, CA",34,2137,2172,2207,2242,2276,2310,2344,2378,2412,2445,2476,2506,2537,2561,2586,2610,2632,2653,2675,2692,2710,2727,2739,2751,2763,2768,2773,2778,2779,2780,2781,2782,2783,2784,2788,2791,2794,2800,2806,2812,2819,2827,2835,2844,2852,2861,2870,2879,2889,2899,2909,2919,2928,2938,2948,2957,2966,2975,2982,2990,2997,3004,3011,3017,3024,3032,3039,3045,3050,3056,3055,3053,3052,3041,3030,3020,3003,2985,2968,2952,2936,2920,2913,2906,2899,2893,2887,2881,2876,2872,2868
394355,"Austin, TX",35,1193,1199,1205,1210,1216,1222,1228,1234,1239,1245,1251,1256,1262,1266,1271,1276,1281,1286,1291,1296,1301,1305,1309,1314,1318,1321,1324,1327,1329,1332,1334,1336,1338,1340,1342,1344,1346,1348,1350,1352,1353,1355,1356,1357,1359,1360,1362,1364,1366,1370,1374,1379,1384,1389,1395,1401,1407,1412,1418,1423,1429,1434,1439,1444,1449,1454,1459,1463,1467,1471,1472,1474,1475,1474,1472,1471,1470,1469,1467,1472,1476,1480,1493,1505,1518,1532,1546,1559,1574,1589,1604
395194,"Virginia Beach, VA",36,1153,1155,1157,1159,1160,1162,1164,1166,1168,1169,1171,1172,1174,1175,1177,1178,1179,1180,1182,1183,1184,1186,1187,1188,1190,1190,1191,1192,1193,1194,1195,1196,1197,1198,1200,1201,1203,1205,1207,1209,1210,1212,1214,1216,1217,1219,1221,1222,1224,1226,1228,1230,1232,1234,1237,1239,1242,1245,1248,1251,1254,1257,1260,1264,1267,1270,1273,1275,1278,1280,1282,1285,1287,1290,1294,1298,1304,1309,1315,1324,1332,1341,1352,1364,1376,1388,1400,1412,1424,1436,1448
394902,"Nashville, TN",37,1129,1137,1145,1153,1161,1169,1177,1185,1193,1200,1208,1215,1222,1229,1235,1241,1247,1254,1260,1266,1272,1278,1285,1291,1297,1303,1309,1315,1320,1325,1330,1334,1339,1343,1347,1351,1356,1360,1364,1368,1371,1375,1379,1382,1385,1389,1392,1395,1398,1401,1404,1407,1411,1415,1419,1423,1427,1432,1437,1441,1446,1451,1457,1462,1468,1474,1480,1485,1491,1496,1500,1504,1508,1511,1514,1516,1519,1522,1524,1530,1535,1540,1550,1559,1569,1580,1590,1600,1611,1622,1633
395005,"Providence, RI",38,1155,1158,1161,1164,1167,1170,1173,1176,1179,1183,1186,1190,1193,1197,1202,1206,1212,1217,1223,1228,1233,1238,1242,1246,1251,1255,1260,1264,1269,1273,1278,1283,1288,1293,1297,1302,1307,1310,1313,1316,1320,1324,1328,1332,1337,1341,1347,1352,1357,1364,1370,1376,1382,1389,1395,1400,1406,1411,1417,1422,1428,1433,1438,1444,1449,1454,1459,1463,1467,1472,1476,1481,1485,1492,1498,1505,1515,1524,1533,1545,1558,1570,1584,1599,1614,1629,1644,1659,1674,1689,1704
394862,"Milwaukee, WI",39,988,992,996,1001,1005,1009,1013,1017,1021,1025,1028,1031,1034,1036,1038,1040,1042,1044,1046,1048,1050,1052,1054,1056,1057,1059,1060,1062,1064,1065,1067,1068,1070,1071,1073,1074,1076,1077,1079,1080,1082,1083,1085,1087,1088,1090,1092,1094,1096,1098,1100,1102,1104,1107,1109,1111,1114,1116,1119,1121,1124,1126,1129,1131,1134,1137,1140,1142,1145,1147,1150,1152,1154,1157,1159,1162,1164,1167,1170,1173,1176,1179,1184,1188,1193,1197,1202,1206,1211,1216,1221
394714,"Jacksonville, FL",40,1112,1114,1116,1118,1119,1121,1123,1125,1127,1129,1131,1134,1136,1139,1142,1145,1148,1151,1155,1159,1162,1166,1170,1174,1178,1181,1184,1188,1191,1194,1197,1200,1204,1207,1210,1214,1217,1221,1225,1229,1233,1238,1242,1247,1252,1257,1262,1267,1272,1278,1284,1289,1295,1300,1306,1311,1316,1321,1325,1330,1334,1339,1343,1347,1351,1355,1359,1363,1367,1370,1374,1377,1380,1384,1388,1392,1398,1404,1410,1420,1430,1441,1457,1473,1489,1505,1522,1538,1556,1573,1590
394849,"Memphis, TN",41,1054,1056,1058,1061,1063,1065,1067,1070,1072,1074,1076,1077,1079,1080,1082,1083,1084,1086,1087,1089,1090,1092,1094,1096,1097,1099,1101,1103,1105,1107,1109,1111,1112,1114,1116,1117,1119,1121,1123,1125,1126,1128,1130,1133,1135,1138,1141,1144,1147,1150,1153,1157,1160,1164,1168,1172,1176,1180,1184,1188,1192,1196,1200,1204,1208,1212,1216,1221,1226,1231,1236,1242,1248,1256,1264,1271,1281,1291,1301,1313,1325,1337,1351,1366,1380,1394,1409,1423,1438,1453,1468
394935,"Oklahoma City, OK",42,967,971,974,978,981,985,988,992,995,998,1001,1004,1007,1008,1010,1011,1012,1013,1014,1014,1014,1015,1015,1015,1015,1014,1014,1014,1013,1013,1012,1012,1011,1011,1011,1011,1011,1012,1013,1014,1015,1016,1018,1019,1021,1022,1023,1025,1026,1028,1030,1032,1034,1036,1039,1042,1044,1047,1051,1054,1057,1060,1063,1066,1068,1071,1073,1075,1077,1079,1080,1081,1082,1083,1085,1087,1089,1092,1095,1099,1103,1108,1114,1121,1128,1135,1142,1149,1156,1163,1170
394807,"Louisville-Jefferson County, KY",43,866,870,874,877,881,885,889,892,896,900,903,906,910,912,914,917,919,921,923,925,927,929,932,934,937,940,944,947,951,954,958,962,966,970,974,977,981,984,987,990,993,995,998,1000,1003,1005,1007,1009,1011,1014,1016,1019,1021,1024,1027,1029,1032,1035,1037,1040,1043,1046,1048,1051,1053,1056,1058,1060,1063,1065,1068,1070,1073,1076,1079,1083,1086,1090,1094,1099,1103,1107,1112,1117,1122,1127,1132,1137,1142,1147,1152
394669,"Hartford, CT",44,1215,1218,1221,1223,1226,1228,1231,1233,1236,1239,1242,1245,1248,1250,1252,1255,1257,1259,1261,1263,1265,1267,1268,1270,1272,1274,1275,1277,1279,1281,1282,1284,1286,1287,1289,1292,1294,1295,1297,1299,1301,1303,1305,1307,1309,1311,1312,1314,1316,1318,1321,1323,1325,1328,1331,1334,1336,1339,1342,1344,1346,1349,1351,1353,1355,1357,1359,1361,1363,1366,1368,1371,1373,1377,1381,1384,1389,1394,1399,1406,1413,1420,1429,1438,1447,1457,1466,1475,1485,1495,1504
395022,"Richmond, VA",45,,1049,1052,1054,1056,1059,1061,1063,1065,1067,1070,1072,1074,1076,1078,1080,1082,1084,1087,1089,1092,1095,1097,1100,1103,1106,1109,1111,1114,1116,1118,1120,1122,1124,1126,1129,1131,1134,1137,1140,1143,1146,1150,1153,1157,1161,1165,1169,1173,1177,1180,1184,1188,1192,1196,1199,1203,1207,1210,1214,1217,1221,1225,1229,1233,1236,1240,1244,1247,1249,1252,1255,1257,1260,1263,1266,1269,1273,1277,1281,1288,1296,1303,1312,1320,1329,1338,1347,1356,1366,1375
394910,"New Orleans, LA",46,1083,1085,1086,1088,1089,1091,1093,1094,1096,1098,1100,1102,1105,1107,1109,1111,1114,1116,1119,1121,1123,1125,1126,1128,1129,1131,1132,1133,1134,1136,1137,1138,1140,1141,1143,1145,1146,1148,1150,1152,1153,1154,1155,1156,1156,1157,1158,1158,1159,1160,1161,1162,1163,1164,1165,1166,1167,1168,1170,1171,1172,1174,1176,1178,1180,1183,1186,1188,1191,1193,1194,1196,1197,1198,1199,1200,1202,1204,1206,1211,1215,1220,1226,1232,1239,1245,1252,1258,1265,1272,1279
394425,"Buffalo, NY",47,,840,846,852,859,865,871,876,882,888,894,899,904,908,912,917,921,924,928,931,934,937,940,942,945,947,950,952,955,958,961,964,968,971,974,977,980,983,986,989,991,994,996,998,1001,1004,1006,1009,1012,1015,1018,1021,1024,1027,1030,1033,1036,1040,1043,1046,1048,1051,1054,1057,1059,1062,1065,1068,1071,1074,1077,1081,1085,1088,1093,1097,1102,1106,1111,1116,1121,1127,1133,1139,1146,1153,1159,1166,1173,1179,1186
395012,"Raleigh, NC",48,1125,1128,1131,1133,1136,1139,1142,1145,1148,1151,1155,1158,1162,1166,1170,1174,1177,1181,1185,1188,1192,1195,1199,1202,1206,1209,1213,1217,1220,1224,1227,1231,1234,1237,1240,1243,1246,1249,1252,1255,1258,1261,1264,1267,1270,1273,1276,1279,1282,1285,1289,1292,1296,1299,1303,1308,1312,1316,1321,1326,1330,1335,1340,1345,1350,1355,1360,1364,1368,1372,1374,1376,1378,1380,1381,1383,1387,1390,1393,1400,1406,1413,1424,1435,1446,1458,1470,1482,1494,1506,1519
394388,"Birmingham, AL",49,1003,1005,1007,1009,1011,1013,1015,1017,1019,1021,1023,1025,1027,1029,1031,1033,1035,1038,1040,1042,1044,1046,1048,1050,1052,1053,1055,1056,1057,1058,1059,1060,1062,1063,1064,1065,1067,1069,1071,1073,1075,1077,1080,1082,1085,1087,1090,1092,1095,1097,1100,1102,1105,1109,1112,1116,1120,1124,1128,1132,1136,1139,1143,1147,1150,1153,1156,1159,1162,1164,1167,1171,1174,1177,1181,1185,1190,1195,1199,1205,1210,1215,1222,1229,1235,1242,1249,1256,1263,1270,1277
395053,"Salt Lake City, UT",50,,1050,1054,1057,1060,1064,1067,1071,1075,1078,1082,1085,1089,1093,1097,1101,1105,1109,1114,1119,1123,1128,1133,1137,1142,1146,1151,1156,1160,1165,1169,1174,1179,1184,1189,1195,1200,1206,1211,1217,1222,1227,1233,1238,1243,1249,1254,1259,1265,1270,1276,1282,1287,1294,1300,1306,1312,1317,1323,1329,1334,1340,1344,1349,1354,1358,1363,1367,1370,1373,1376,1377,1379,1380,1383,1385,1387,1391,1394,1398,1408,1418,1428,1440,1453,1465,1478,1491,1504,1518,1532
395031,"Rochester, NY",51,,955,959,964,968,972,976,980,984,987,991,995,998,1001,1004,1007,1010,1013,1016,1019,1021,1024,1026,1029,1031,1033,1035,1037,1038,1040,1042,1043,1046,1048,1050,1053,1056,1058,1061,1064,1066,1070,1073,1076,1079,1082,1085,1088,1091,1095,1097,1100,1103,1105,1108,1110,1112,1115,1117,1119,1122,1124,1126,1128,1130,1132,1135,1137,1139,1141,1143,1146,1148,1151,1155,1160,1164,1171,1178,1184,1194,1204,1214,1225,1236,1247,1259,1270,1282,1293,1305
394640,"Grand Rapids, MI",52,817,823,829,836,842,848,854,860,866,872,878,883,889,895,900,906,912,918,924,931,937,944,951,958,965,971,978,985,991,997,1004,1009,1015,1020,1025,1030,1036,1040,1045,1050,1055,1059,1064,1068,1072,1077,1081,1085,1090,1094,1098,1102,1107,1111,1116,1121,1125,1130,1134,1138,1143,1147,1151,1155,1160,1164,1168,1172,1176,1180,1184,1187,1191,1195,1199,1203,1207,1212,1217,1223,1230,1236,1245,1254,1263,1273,1282,1291,1301,1311,1320
395167,"Tucson, AZ",53,919,921,922,923,924,925,926,927,928,930,931,932,933,935,936,938,939,941,943,945,947,949,951,954,956,958,961,963,966,969,971,975,978,981,985,989,993,997,1001,1005,1009,1013,1017,1021,1025,1029,1034,1039,1043,1048,1054,1059,1065,1071,1077,1083,1089,1095,1100,1106,1111,1116,1121,1127,1132,1137,1143,1148,1153,1158,1162,1167,1171,1177,1183,1189,1197,1205,1212,1224,1235,1246,1261,1275,1290,1305,1320,1334,1350,1365,1380
753924,"Urban Honolulu, HI",54,1963,1979,1995,2011,2027,2043,2058,2074,2089,2104,2117,2131,2144,2153,2163,2172,2178,2183,2189,2193,2196,2200,2204,2208,2211,2214,2217,2220,2222,2225,2227,2229,2232,2234,2237,2239,2242,2244,2246,2248,2250,2253,2255,2257,2260,2262,2265,2268,2271,2274,2277,2281,2284,2287,2291,2294,2298,2301,2305,2308,2311,2314,2318,2321,2324,2328,2331,2333,2335,2337,2337,2337,2337,2336,2335,2334,2335,2335,2335,2341,2347,2353,2364,2376,2387,2399,2411,2423,2436,2449,2461
395169,"Tulsa, OK",55,914,916,918,920,921,923,925,927,928,930,932,934,935,937,939,941,942,943,945,946,947,948,948,949,950,950,951,951,952,952,953,953,954,955,955,956,956,956,957,957,957,958,959,959,960,961,962,963,965,966,967,969,970,972,973,974,976,977,979,981,983,985,987,989,992,995,997,1000,1003,1006,1009,1012,1015,1018,1021,1024,1028,1031,1035,1041,1048,1054,1063,1071,1080,1089,1098,1107,1116,1126,1135
394619,"Fresno, CA",56,1128,1131,1134,1137,1139,1142,1145,1148,1151,1153,1156,1159,1161,1164,1167,1169,1172,1175,1178,1181,1184,1188,1191,1195,1199,1203,1208,1212,1216,1220,1224,1227,1231,1235,1240,1244,1249,1255,1260,1266,1272,1278,1283,1289,1295,1301,1306,1311,1317,1322,1328,1333,1340,1347,1353,1360,1367,1374,1381,1387,1394,1401,1407,1414,1420,1427,1434,1440,1446,1452,1457,1462,1467,1472,1477,1482,1489,1496,1504,1517,1531,1545,1566,1587,1608,1629,1651,1673,1695,1718,1741
395238,"Worcester, MA",57,1071,1075,1079,1084,1088,1092,1096,1100,1104,1108,1112,1117,1121,1125,1128,1132,1136,1140,1144,1148,1152,1157,1162,1167,1171,1177,1182,1187,1192,1197,1203,1208,1214,1219,1225,1230,1235,1240,1245,1250,1254,1259,1264,1268,1273,1278,1283,1288,1293,1300,1306,1313,1319,1326,1332,1338,1344,1350,1356,1362,1367,1373,1378,1383,1389,1395,1401,1407,1413,1419,1423,1428,1433,1437,1442,1447,1453,1458,1464,1472,1479,1487,1497,1507,1518,1528,1538,1549,1560,1570,1581
394415,"Stamford, CT",58,1806,1817,1828,1838,1848,1859,1869,1879,1888,1898,1905,1912,1918,1922,1926,1930,1934,1937,1941,1943,1946,1949,1952,1955,1957,1959,1962,1964,1966,1968,1970,1973,1976,1979,1983,1986,1989,1993,1996,1999,2002,2005,2008,2011,2014,2017,2021,2024,2028,2032,2037,2041,2046,2051,2056,2060,2065,2070,2074,2079,2083,2088,2093,2098,2102,2106,2111,2115,2119,2123,2128,2132,2137,2142,2148,2154,2163,2172,2180,2193,2206,2218,2235,2252,2268,2285,2302,2320,2337,2355,2372
394312,"Albuquerque, NM",59,947,949,950,951,952,954,955,956,958,959,961,962,964,966,968,970,972,974,976,978,980,983,985,987,989,991,993,995,997,1000,1002,1004,1006,1008,1010,1012,1014,1015,1017,1019,1020,1022,1024,1027,1029,1031,1034,1036,1038,1041,1044,1047,1050,1053,1056,1059,1062,1065,1069,1072,1076,1080,1084,1088,1092,1096,1101,1105,1109,1113,1117,1120,1124,1129,1134,1139,1146,1152,1159,1169,1179,1189,1202,1215,1228,1242,1255,1269,1282,1296,1310
394308,"Albany, NY",60,1113,1119,1124,1129,1134,1139,1144,1148,1153,1158,1161,1165,1168,1169,1171,1172,1172,1173,1174,1175,1177,1178,1181,1183,1186,1189,1193,1196,1200,1204,1208,1212,1215,1219,1222,1224,1227,1228,1230,1232,1232,1233,1234,1236,1238,1239,1242,1244,1247,1250,1253,1256,1260,1263,1266,1268,1270,1272,1274,1277,1279,1281,1284,1287,1290,1293,1296,1300,1304,1308,1312,1315,1319,1322,1325,1329,1332,1336,1340,1344,1348,1352,1359,1366,1373,1381,1388,1395,1403,1411,1418
394938,"Omaha, NE",61,843,848,852,856,860,865,869,873,878,882,886,890,895,898,900,903,906,908,911,913,915,916,919,921,923,925,928,931,934,937,940,942,945,948,950,953,956,958,961,963,965,967,969,971,973,975,977,979,981,983,985,987,990,992,995,997,1000,1003,1006,1009,1012,1015,1018,1021,1025,1028,1031,1035,1039,1043,1046,1050,1054,1058,1062,1066,1070,1074,1078,1082,1087,1092,1097,1103,1109,1115,1120,1126,1132,1138,1144
394908,"New Haven, CT",62,1189,1194,1199,1203,1208,1213,1217,1222,1227,1231,1235,1239,1243,1245,1248,1250,1252,1254,1256,1258,1260,1262,1265,1268,1270,1273,1276,1278,1281,1283,1285,1287,1289,1291,1293,1295,1297,1299,1302,1304,1307,1310,1313,1316,1319,1322,1324,1327,1330,1333,1335,1338,1341,1345,1348,1351,1355,1358,1361,1364,1367,1370,1372,1375,1378,1382,1385,1388,1392,1395,1399,1402,1406,1411,1415,1420,1425,1431,1436,1443,1450,1456,1466,1476,1486,1496,1506,1516,1527,1537,1547
394357,"Bakersfield, CA",63,986,989,993,997,1000,1003,1007,1010,1014,1017,1020,1023,1026,1028,1030,1032,1033,1035,1036,1037,1038,1039,1040,1042,1043,1045,1047,1049,1052,1054,1057,1060,1064,1067,1070,1073,1077,1079,1082,1084,1087,1089,1092,1095,1098,1101,1105,1108,1112,1116,1120,1125,1129,1134,1139,1144,1150,1155,1160,1166,1171,1177,1182,1187,1192,1198,1203,1208,1213,1218,1223,1228,1234,1241,1248,1256,1264,1273,1281,1292,1302,1313,1325,1338,1350,1363,1376,1388,1401,1414,1427
394753,"Knoxville, TN",64,954,956,959,961,964,967,970,972,975,978,981,984,987,988,990,992,993,994,995,996,996,997,1000,1002,1004,1008,1011,1015,1019,1023,1027,1031,1035,1039,1042,1046,1049,1052,1056,1059,1063,1067,1071,1074,1078,1081,1085,1088,1092,1096,1100,1104,1109,1114,1119,1125,1131,1137,1142,1148,1154,1159,1165,1171,1176,1181,1187,1191,1195,1199,1203,1206,1209,1214,1219,1224,1232,1239,1246,1257,1267,1277,1292,1306,1321,1335,1350,1365,1380,1395,1410
394653,"Greenville, SC",65,932,934,937,940,942,945,948,951,953,956,960,963,966,970,973,977,982,986,991,996,1001,1006,1011,1016,1021,1025,1029,1033,1036,1038,1041,1042,1044,1046,1047,1049,1051,1053,1055,1058,1060,1063,1066,1069,1072,1076,1079,1082,1085,1088,1091,1095,1099,1103,1107,1110,1114,1117,1121,1124,1128,1131,1134,1137,1141,1144,1147,1150,1154,1157,1158,1160,1162,1164,1165,1167,1169,1172,1174,1180,1185,1190,1199,1208,1216,1226,1235,1245,1254,1264,1274
394952,"Ventura, CA",66,1932,1941,1950,1958,1967,1976,1984,1993,2002,2011,2021,2031,2041,2050,2059,2069,2077,2085,2093,2100,2107,2114,2122,2129,2136,2145,2153,2162,2171,2181,2190,2200,2210,2221,2229,2238,2247,2254,2262,2269,2277,2284,2292,2299,2307,2315,2323,2331,2339,2349,2359,2369,2378,2388,2398,2406,2415,2423,2430,2437,2444,2450,2455,2461,2467,2472,2478,2483,2488,2493,2497,2501,2504,2509,2514,2519,2527,2535,2544,2559,2575,2590,2613,2636,2659,2683,2707,2731,2756,2781,2805
394318,"Allentown, PA",67,1180,1182,1184,1186,1188,1190,1192,1194,1196,1198,1200,1202,1204,1206,1208,1210,1212,1214,1217,1220,1223,1226,1228,1231,1234,1237,1240,1243,1245,1248,1251,1253,1256,1259,1262,1265,1268,1272,1275,1278,1281,1285,1288,1291,1294,1297,1300,1303,1306,1310,1313,1316,1320,1324,1328,1332,1336,1340,1345,1349,1353,1358,1362,1366,1371,1375,1379,1382,1385,1388,1391,1394,1397,1402,1407,1412,1421,1429,1437,1450,1463,1475,1492,1508,1525,1542,1558,1575,1592,1610,1627
394561,"El Paso, TX",68,982,982,983,983,984,984,985,985,985,986,986,987,987,987,988,988,988,988,988,988,989,989,989,990,990,990,991,991,992,992,993,994,994,995,995,996,996,996,997,997,997,997,997,997,997,998,999,1000,1001,1002,1003,1004,1006,1007,1009,1010,1012,1014,1015,1017,1019,1021,1023,1026,1028,1031,1034,1038,1041,1045,1049,1052,1056,1061,1065,1070,1076,1081,1087,1093,1100,1107,1114,1121,1128,1135,1142,1150,1157,1164,1171
394367,"Baton Rouge, LA",69,1106,1107,1109,1110,1111,1112,1114,1115,1117,1118,1121,1123,1126,1128,1130,1132,1134,1136,1138,1140,1141,1143,1145,1147,1149,1153,1156,1160,1164,1169,1174,1178,1182,1186,1188,1190,1192,1193,1193,1194,1193,1192,1191,1190,1189,1188,1188,1188,1188,1188,1189,1190,1190,1191,1191,1191,1191,1191,1191,1192,1192,1192,1192,1192,1192,1192,1192,1191,1191,1190,1190,1190,1190,1192,1193,1194,1197,1200,1203,1207,1211,1215,1221,1226,1231,1236,1242,1247,1252,1257,1263
394521,"Dayton, OH",70,799,801,802,804,806,807,809,811,812,814,816,818,820,822,823,825,827,829,831,834,837,840,843,846,848,851,853,856,858,860,863,864,866,868,870,872,874,877,879,882,885,888,891,893,896,899,902,905,908,910,913,916,918,921,923,926,929,932,935,938,941,944,948,951,955,959,963,967,971,974,978,981,985,988,992,995,1000,1004,1008,1014,1020,1026,1033,1040,1046,1053,1060,1067,1075,1082,1089
394843,"McAllen, TX",71,821,823,,828,830,833,835,837,839,842,843,845,847,849,850,851,853,854,855,856,858,859,860,861,862,863,864,865,866,867,868,869,870,871,872,872,873,874,875,876,877,878,879,881,882,883,884,885,886,887,887,888,888,889,889,890,891,891,892,894,895,896,898,900,901,903,904,905,906,908,909,911,913,914,916,918,921,924,926,930,935,939,945,951,957,963,969,975,981,987,994
394486,"Columbia, SC",72,,955,957,959,961,962,964,966,968,969,971,973,975,977,978,980,981,983,985,986,989,991,993,995,996,998,1000,1003,1005,1007,1009,1012,1014,1016,1019,1021,1023,1025,1028,1030,1032,1034,1036,1039,1041,1044,1046,1049,1052,1055,1058,1061,1064,1068,1071,1075,1078,1082,1086,1090,1095,1099,1102,1106,1109,1113,1116,1119,1122,1125,1128,1132,1135,1138,1143,1147,1152,1158,1164,1170,1178,1187,1195,1205,1214,1224,1234,1244,1253,1264,1274
394648,"Greensboro, NC",73,992,993,994,995,996,997,998,999,1000,1001,1003,1005,1007,1009,1011,1013,1015,1016,1018,1019,1020,1021,1022,1023,1024,1026,1028,1030,1033,1037,1040,1044,1048,1052,1056,1059,1063,1066,1070,1073,1075,1078,1081,1083,1085,1088,1090,1093,1095,1098,1101,1104,1108,1112,1115,1119,1123,1128,1132,1137,1142,1147,1152,1157,1161,1166,1171,1175,1180,1184,1189,1193,1197,1202,1207,1212,1219,1226,1232,1242,1251,1261,1272,1284,1295,1307,1319,1331,1343,1355,1367
394304,"Akron, OH",74,780,783,787,790,793,797,800,804,807,810,814,817,821,824,827,829,832,834,836,838,839,841,842,844,845,846,848,849,851,852,854,855,856,858,859,861,863,864,865,866,868,869,870,871,873,874,876,877,878,880,882,883,885,887,889,891,893,895,897,899,901,903,905,908,911,914,917,920,923,926,929,932,935,938,942,945,948,952,955,961,967,972,980,988,996,1004,1012,1020,1028,1036,1045
753906,"North Port-Sarasota-Bradenton, FL",75,1252,1261,1270,1279,1288,1297,1307,1316,1325,1334,1342,1350,1358,1366,1374,1382,1390,1397,1404,1411,1418,1424,1429,1435,1440,1444,1448,1452,1455,1459,1463,1466,1470,1473,1477,1481,1485,1489,1493,1497,1501,1505,1508,1512,1516,1519,1524,1528,1532,1537,1542,1547,1552,1557,1562,1567,1572,1577,1581,1586,1591,1596,1601,1606,1611,1617,1622,1627,1631,1635,1639,1642,1645,1650,1654,1658,1665,1672,1679,1692,1705,1718,1740,1762,1784,1806,1829,1852,1876,1899,1923
394798,"Little Rock, AR",76,806,807,808,809,810,811,812,812,813,814,815,816,817,818,819,820,821,822,823,823,824,825,825,826,826,826,827,827,828,829,830,831,832,833,834,835,836,837,838,839,840,841,842,843,843,844,844,845,845,846,847,848,849,850,851,852,854,855,857,859,861,863,865,866,868,869,871,873,874,876,878,879,881,884,887,889,893,897,900,906,911,916,923,929,936,943,950,956,963,970,978
395134,"Stockton, CA",77,1315,1321,1327,1334,1340,1346,1353,1359,1365,1371,1379,1387,1394,1403,1412,1420,1429,1438,1447,1457,1467,1477,1487,1497,1508,1517,1527,1537,1547,1558,1568,1579,1590,1601,1613,1624,1636,1648,1660,1672,1683,1694,1705,1714,1724,1733,1742,1751,1760,1768,1777,1786,1794,1803,1811,1820,1828,1837,1845,1853,1861,1869,1877,1885,1894,1903,1911,1921,1931,1940,1949,1957,1966,1976,1986,1996,2009,2023,2036,2056,2076,2095,2122,2149,2175,2203,2230,2257,2286,2314,2342
394457,"Charleston, SC",78,1153,1158,1164,1169,1175,1180,1186,1191,1197,1202,1208,1213,1218,1223,1228,1232,1236,1240,1244,1248,1252,1256,1260,1265,1270,1275,1280,1286,1292,1297,1303,1308,1313,1318,1322,1326,1331,1336,1340,1345,1349,1354,1359,1363,1367,1371,1375,1379,1383,1387,1390,1394,1398,1402,1406,1410,1414,1418,1422,1426,1430,1433,1437,1440,1444,1448,1452,1456,1460,1464,1466,1468,1471,1473,1475,1477,1480,1482,1485,1491,1497,1502,1513,1524,1535,1547,1558,1570,1582,1594,1606
395143,"Syracuse, NY",79,878,882,885,889,892,896,899,902,906,909,912,915,918,921,923,925,928,932,935,939,943,947,950,952,955,957,959,961,964,966,968,970,972,973,975,977,978,981,984,987,991,994,998,1001,1004,1007,1010,1012,1014,1015,1016,1018,1018,1018,1018,1019,1019,1020,1021,1023,1025,1028,1031,1033,1036,1040,1043,1046,1050,1054,1058,1062,1066,1069,1073,1076,1080,1085,1089,1094,1100,1106,1114,1122,1130,1138,1146,1154,1163,1171,1180
394484,"Colorado Springs, CO",80,1054,1058,1063,1068,1072,1076,1081,1085,1090,1094,1099,1103,1108,1112,1117,1122,1127,1132,1137,1142,1148,1154,1160,1166,1173,1179,1186,1193,1200,1207,1214,1221,1228,1235,1242,1248,1255,1261,1267,1273,1279,1286,1292,1299,1306,1312,1319,1325,1332,1337,1343,1349,1354,1360,1365,1371,1376,1382,1387,1393,1399,1406,1412,1418,1425,1432,1439,1445,1451,1457,1462,1468,1473,1479,1485,1491,1498,1505,1512,1523,1534,1544,1560,1575,1590,1606,1621,1637,1653,1669,1685
395235,"Winston-Salem, NC",81,1080,1079,1079,1078,1078,1078,1077,1077,1077,1077,1078,1080,1082,1084,1087,1090,1093,1096,1099,1102,1105,1108,1110,1113,1116,1118,1120,1123,1125,1127,1130,1132,1135,1137,1140,1143,1146,1149,1153,1156,1160,1164,1168,1172,1176,1180,1183,1187,1191,1195,1199,1203,1207,1211,1216,1221,1226,1230,1236,1241,1246,1252,1257,1262,1267,1272,1277,1282,1286,1291,1295,1299,1303,1309,1314,1320,1327,1334,1341,1351,1361,1371,1385,1399,1413,1427,1441,1456,1470,1485,1500
395224,"Wichita, KS",82,,729,733,736,740,744,747,751,754,757,760,761,762,763,763,762,762,761,761,761,762,763,764,765,766,767,767,768,769,769,769,769,769,769,769,769,770,770,770,771,772,772,773,774,774,775,776,777,778,778,779,780,781,782,783,784,785,786,786,788,789,790,791,793,794,796,797,799,801,803,804,806,808,810,812,814,817,819,822,824,828,832,836,840,844,848,852,857,861,865,870
395115,"Springfield, MA",83,,1204,1208,1213,1217,1222,1226,1230,1235,1239,1243,1247,1250,1253,1256,1258,1261,1264,1267,1270,1274,1277,1281,1285,1289,1293,1297,1301,1305,1307,1310,1313,1315,1317,1319,1321,1323,1325,1328,1331,1334,1338,1341,1345,1349,1353,1357,1361,1365,1370,1374,1379,1384,1389,1393,1397,1401,1406,1410,1413,1416,1420,1423,1425,1428,1432,1436,1440,1444,1448,1452,1455,1459,1462,1465,1469,1472,1477,1482,1487,1494,1501,1509,1517,1525,1533,1541,1550,1558,1567,1575
394440,"Fort Myers, FL",84,1083,1092,1101,1111,1121,1130,1140,1150,1159,1169,1180,1192,1203,1215,1227,1239,1251,1263,1275,1286,1296,1307,1316,1325,1334,1341,1348,1355,1361,1367,1373,1378,1383,1389,1393,1397,1401,1405,1409,1413,1417,1421,1426,1430,1434,1439,1443,1448,1452,1457,1462,1467,1472,1477,1482,1486,1490,1495,1499,1504,1508,1513,1517,1521,1525,1530,1534,1538,1542,1546,1550,1554,1558,1563,1568,1573,1579,1586,1592,1602,1612,1622,1639,1656,1672,1690,1707,1725,1743,1761,1780
394399,"Boise City, ID",85,938,942,945,949,953,957,961,964,968,972,976,980,984,988,992,997,1002,1007,1012,1017,1023,1028,1034,1039,1045,1051,1057,1063,1068,1074,1080,1085,1091,1097,1103,1109,1115,1122,1128,1134,1141,1148,1155,1162,1169,1175,1182,1189,1196,1204,1211,1219,1227,1236,1244,1252,1261,1270,1278,1287,1295,1303,1310,1318,1324,1331,1338,1344,1350,1356,1361,1366,1371,1378,1385,1392,1403,1414,1425,1443,1462,1480,1505,1530,1555,1581,1607,1633,1660,1687,1714
395160,"Toledo, OH",86,853,854,855,855,857,858,859,860,862,863,865,867,870,871,873,875,876,878,880,881,881,882,883,885,886,888,891,894,896,899,901,903,905,906,907,909,910,911,912,914,916,918,920,922,925,927,930,932,934,936,937,938,939,940,941,942,943,944,945,946,947,949,951,953,954,955,956,957,958,959,961,963,965,968,971,973,978,982,987,993,1000,1007,1016,1025,1034,1043,1052,1062,1071,1081,1090
394816,"Madison, WI",87,1102,1104,1106,1107,1109,1111,1113,1115,1117,1119,1123,1126,1129,1133,1136,1140,1144,1148,1152,1156,1160,1164,1167,1171,1174,1177,1180,1183,1185,1187,1190,1192,1194,1196,1198,1200,1202,1204,1206,1208,1210,1212,1214,1215,1217,1219,1221,1223,1225,1228,1230,1233,1236,1239,1242,1245,1248,1252,1255,1258,1261,1263,1266,1268,1271,1274,1277,1280,1283,1286,1289,1291,1294,1297,1300,1303,1306,1310,1313,1317,1320,1324,1329,1333,1338,1342,1347,1352,1356,1361,1366
394766,"Lakeland, FL",88,1016,1020,1023,1026,1029,1032,1035,1038,1042,1045,1048,1052,1055,1058,1061,1064,1068,1071,1075,1078,1082,1086,1090,1095,1099,1104,1109,1115,1120,1125,1130,1135,1140,1145,1150,1154,1159,1163,1168,1172,1177,1181,1186,1191,1197,1202,1209,1215,1222,1229,1236,1243,1251,1258,1265,1273,1280,1287,1293,1299,1305,1310,1316,1321,1327,1332,1337,1342,1347,1352,1357,1362,1367,1372,1378,1384,1391,1398,1404,1414,1424,1434,1448,1462,1476,1491,1505,1519,1534,1549,1564
394931,"Ogden, UT",89,926,929,932,936,939,942,945,948,951,955,958,961,964,968,972,976,980,984,989,992,996,999,1003,1007,1010,1015,1019,1024,1029,1034,1039,1045,1051,1057,1063,1068,1074,1079,1084,1089,1093,1098,1102,1108,1113,1118,1124,1130,1136,1142,1148,1154,1161,1167,1174,1180,1187,1193,1199,1205,1211,1217,1222,1228,1233,1238,1244,1249,1254,1259,1264,1269,1273,1278,1283,1287,1293,1299,1305,1315,1325,1335,1349,1364,1379,1394,1409,1424,1440,1456,1472
394528,"Daytona Beach, FL",90,957,962,966,971,976,981,986,991,996,1001,1007,1012,1018,1024,1031,1037,1043,1048,1054,1059,1064,1070,1076,1081,1087,1093,1100,1106,1112,1118,1124,1130,1135,1141,1145,1150,1155,1160,1165,1170,1175,1180,1185,1191,1197,1203,1210,1216,1223,1229,1236,1242,1248,1254,1261,1267,1273,1279,1285,1290,1295,1300,1305,1310,1315,1320,1326,1330,1335,1339,1343,1347,1351,1356,1361,1366,1372,1379,1385,1395,1405,1415,1429,1443,1456,1470,1485,1499,1513,1528,1543
394531,"Des Moines, IA",91,964,969,973,977,981,986,990,994,998,1002,1005,1008,1011,1011,1012,1013,1011,1010,1009,1007,1006,1004,1004,1004,1004,1006,1007,1008,1010,1013,1015,1017,1020,1022,1024,1026,1028,1030,1031,1033,1033,1034,1035,1035,1035,1036,1037,1037,1038,1040,1041,1042,1044,1046,1048,1049,1050,1052,1053,1054,1055,1056,1058,1060,1062,1064,1066,1068,1070,1072,1074,1075,1076,1078,1079,1081,1083,1085,1087,1089,1092,1095,1099,1102,1105,1109,1112,1116,1119,1123,1126
394711,"Jackson, MS",92,1071,1073,1075,1076,1078,1080,1081,1083,1084,1086,1087,1089,1090,1091,1092,1093,1095,1097,1099,1102,1105,1108,1111,1114,1117,1119,1121,1123,1124,1126,1127,1127,1127,1127,1128,1128,1129,1130,1131,1132,1133,1134,1135,1136,1137,1138,1138,1139,1140,1140,1141,1142,1143,1145,1146,1147,1148,1150,1151,1152,1154,1155,1156,1158,1159,1161,1162,1164,1166,1169,1171,1174,1176,1179,1182,1185,1189,1192,1195,1199,1203,1208,1215,1222,1229,1237,1244,1251,1259,1267,1275
395245,"Youngstown, OH",93,596,597,598,599,600,601,601,602,603,604,605,605,606,606,607,607,608,608,609,609,610,610,611,612,613,615,617,619,620,621,622,624,625,627,629,631,633,634,636,637,638,639,640,641,643,644,645,646,648,650,652,654,656,659,662,664,666,668,669,671,672,673,673,674,675,676,677,679,681,683,685,688,691,694,697,700,704,707,711,715,720,725,731,737,743,749,756,762,769,776,782
394352,"Augusta, GA",94,905,904,903,902,902,901,900,900,899,899,899,900,901,903,905,907,908,910,912,914,915,917,919,920,922,924,925,927,928,930,931,933,934,936,937,939,940,942,944,946,948,951,953,956,958,961,964,966,969,971,973,975,978,980,982,985,988,991,994,998,1001,1005,1009,1013,1016,1020,1024,1027,1030,1033,1037,1040,1043,1048,1053,1058,1065,1071,1078,1086,1093,1101,1111,1120,1130,1140,1149,1159,1169,1179,1188
395075,"Scranton, PA",95,757,758,760,761,763,764,765,766,767,769,769,769,769,769,769,769,770,771,771,773,774,775,777,779,781,782,783,785,787,788,790,792,794,796,797,799,800,801,802,803,804,805,806,806,807,807,808,809,810,811,813,815,816,818,820,822,824,826,828,831,833,836,839,841,844,847,850,853,856,858,860,863,865,867,869,872,876,880,884,890,896,902,910,918,926,935,943,951,960,968,977
394666,"Harrisburg, PA",96,950,947,945,943,941,940,938,936,935,934,934,935,936,938,941,943,945,947,949,950,951,953,955,956,958,961,963,966,968,970,972,974,976,978,979,980,981,982,983,984,985,986,988,989,990,992,994,996,998,1000,1003,1006,1010,1014,1018,1023,1027,1032,1036,1040,1044,1047,1051,1054,1057,1059,1062,1064,1066,1068,1070,1071,1073,1075,1077,1079,1082,1085,1089,1095,1101,1107,1115,1124,1133,1142,1151,1160,1170,1179,1189
394957,"Melbourne, FL",97,969,974,979,984,989,994,999,1005,1010,1015,1021,1027,1033,1040,1047,1054,1061,1069,1076,1083,1091,1098,1105,1112,1119,1126,1133,1139,1147,1154,1161,1168,1175,1182,1189,1196,1203,1210,1217,1224,1230,1237,1244,1251,1258,1265,1273,1280,1288,1295,1303,1310,1317,1324,1330,1336,1343,1349,1354,1359,1363,1368,1372,1377,1382,1387,1391,1397,1403,1408,1413,1418,1423,1429,1435,1440,1447,1454,1461,1471,1481,1491,1506,1521,1536,1552,1568,1584,1600,1617,1633
395113,"Spokane, WA",99,954,950,946,941,938,934,931,927,924,921,921,922,923,927,931,936,942,948,954,960,965,971,975,980,984,988,992,996,999,1002,1005,1008,1010,1012,1015,1019,1022,1026,1031,1035,1040,1044,1049,1054,1060,1065,1070,1076,1081,1086,1092,1097,1102,1107,1113,1118,1124,1129,1135,1141,1146,1152,1157,1163,1168,1173,1178,1183,1189,1194,1199,1203,1208,1214,1219,1225,1234,1242,1251,1265,1278,1292,1312,1331,1351,1371,1391,1412,1433,1454,1475
395006,"Provo, UT",100,983,988,992,996,1001,1005,1009,1014,1018,1022,1026,1030,1034,1038,1042,1046,1050,1054,1059,1063,1067,1072,1077,1082,1087,1093,1098,1103,1108,1113,1117,1122,1127,1131,1136,1140,1144,1148,1152,1157,1161,1165,1169,1174,1179,1184,1189,1194,1199,1204,1209,1215,1220,1225,1230,1234,1239,1243,1248,1252,1256,1260,1264,1268,1271,1275,1278,1281,1284,1287,1289,1292,1294,1297,1300,1304,1310,1316,1322,1333,1344,1355,1369,1382,1396,1410,1424,1438,1453,1468,1482
394549,"Durham, NC",104,1211,1214,1218,1221,1225,1228,1231,1235,1238,1242,1245,1248,1251,1255,1258,1261,1264,1268,1271,1275,1280,1284,1288,1292,1296,1300,1305,1309,1314,1319,1324,1327,1331,1335,1338,1342,1345,1348,1351,1353,1355,1357,1359,1361,1363,1366,1368,1371,1374,1378,1381,1385,1388,1392,1396,1401,1406,1411,1416,1421,1426,1431,1436,1442,1446,1451,1456,1458,1461,1464,1466,1467,1468,1469,1470,1471,1473,1476,1478,1483,1487,1491,1499,1506,1514,1521,1529,1537,1546,1554,1562
394995,"Port St. Lucie, FL",119,1101,1109,1118,1126,1134,1143,1151,1159,1167,1175,1181,1188,1194,1201,1207,1213,1220,1227,1233,1242,1251,1259,1269,1278,1287,1295,1303,1311,1318,1325,1332,1338,1344,1351,1357,1363,1370,1377,1384,1391,1398,1405,1412,1419,1426,1434,1442,1450,1458,1466,1473,1481,1489,1497,1504,1511,1517,1524,1528,1533,1538,1543,1548,1553,1560,1566,1573,1580,1586,1593,1599,1605,1611,1618,1626,1633,1643,1652,1662,1677,1692,1707,1729,1751,1773,1796,1819,1842,1865,1889,1912
394602,"Fort Collins, CO",159,1196,1202,1208,1215,1221,1228,1234,1241,1247,1254,1261,1269,1277,1285,1292,1300,1306,1312,1317,1322,1327,1331,1335,1340,1344,1347,1351,1354,1357,1360,1363,1366,1370,1373,1375,1378,1380,1382,1384,1387,1390,1393,1395,1398,1401,1404,1408,1411,1415,1419,1423,1427,1431,1436,1440,1444,1449,1454,1458,1461,1465,1469,1473,1476,1480,1484,1488,1491,1494,1498,1501,1504,1506,1509,1511,1513,1516,1518,1521,1526,1531,1535,1543,1551,1559,1568,1576,1584,1593,1602,1611
394405,"Boulder, CO",162,1469,1477,1484,1491,1499,1507,1514,1522,1530,1538,1548,1558,1568,1578,1589,1600,1611,1622,1633,1643,1654,1664,1671,1679,1687,1692,1697,1702,1704,1707,1709,1711,1713,1715,1717,1719,1721,1725,1728,1732,1736,1741,1746,1751,1756,1761,1766,1772,1778,1784,1790,1796,1802,1807,1813,1819,1824,1830,1835,1841,1846,1851,1856,1860,1866,1871,1876,1880,1883,1887,1889,1890,1892,1893,1895,1896,1900,1903,1907,1914,1922,1930,1942,1953,1965,1977,1989,2001,2013,2026,2038
394623,"Gainesville, GA",229,953,955,957,959,962,965,967,970,972,975,978,982,985,991,997,1003,1009,1016,1022,1026,1031,1036,1040,1044,1047,1052,1057,1062,1068,1073,1078,1084,1090,1095,1101,1107,1113,1117,1122,1127,1131,1135,1140,1145,1150,1155,1160,1165,1169,1173,1177,1181,1186,1192,1197,1204,1210,1217,1224,1230,1237,1244,1251,1257,1263,1269,1274,1278,1281,1285,1287,1289,1291,1294,1297,1301,1306,1312,1318,1330,1342,1353,1373,1392,1411,1431,1450,1470,,1512,1533
